date,open,high,low,close,average_price,day_variation,timeHigh,timeLow,volume,marketCap,circulatingSupply
2025-11-30,90838.21,91965.04,90394.31,90394.31,91179.67,-0.49%,13:26:00,23:59:00,38497902869.11,1803803900068.52,19955987.0
2025-11-29,90918.74,91187.62,90260.19,90851.75,90723.9,-0.07%,16:22:00,18:14:00,37921773455.29,1812721245279.9,19955493.0
2025-11-28,91285.38,92969.09,90257.12,90919.27,91613.1,-0.4%,14:31:00,17:43:00,60895830288.66,1814288819155.76,19955059.0
2025-11-27,90517.77,91897.58,90089.52,91285.37,90993.55,0.85%,09:38:00,00:16:00,57040622844.67,1821561772280.62,19954584.0
2025-11-26,87345.59,90581.15,86316.9,90518.37,88449.02,3.63%,22:12:00,12:23:00,66496301869.43,1806202811723.68,19954125.0
2025-11-25,88269.96,88457.33,86131.43,87341.89,87294.38,-1.05%,04:56:00,14:52:00,64837343544.92,1742845443841.14,19953446.0
2025-11-24,86798.77,89206.34,85272.2,88270.56,87239.27,1.7%,20:56:00,14:51:00,74433896109.64,1761274125685.88,19953268.0
2025-11-23,84648.61,88038.47,84641.77,86805.01,86340.12,2.55%,23:01:00,00:02:00,58083435575.55,1731864376001.43,19952637.0
2025-11-22,85098.57,85503.01,83490.9,84648.36,84496.95,-0.53%,00:16:00,10:55:00,40793099246.11,1688942560012.89,19952396.0
2025-11-21,86528.77,87380.81,80659.81,85090.69,84020.31,-1.66%,00:40:00,12:30:00,129157506112.1,1697767449246.67,19950600.0
2025-11-20,91459.35,93025.07,86040.8,86631.9,89532.94,-5.28%,05:07:00,19:09:00,97970645637.66,1726300933847.71,19950600.0
2025-11-19,92946.17,92946.17,88526.83,91465.99,90736.5,-1.59%,00:00:00,20:12:00,80350354656.08,1824801361626.69,19950600.0
2025-11-18,92094.53,93745.08,89300.46,92948.87,91522.77,0.93%,16:35:00,06:53:00,101333569061.99,1854316908538.43,19950440.0
2025-11-17,94180.88,95928.37,91214.75,92093.87,93571.56,-2.22%,08:26:00,20:05:00,94186165724.42,1837303984873.06,19950196.0
2025-11-16,95556.87,96564.19,92971.17,94177.07,94767.68,-1.44%,10:00:00,22:12:00,71086235862.23,1878796595872.52,19948812.0
2025-11-15,94420.47,96728.47,94420.47,95549.15,95574.47,1.2%,03:29:00,00:00:00,38500716654.17,1906091949062.62,19948812.0
2025-11-14,99694.71,99804.43,94000.73,94397.79,96902.58,-5.31%,02:45:00,23:09:00,114346441890.18,1883576225586.52,19948812.0
2025-11-13,101674.15,104005.49,97988.72,99697.49,100997.11,-1.94%,07:29:00,20:22:00,101546815415.95,1988753566437.57,19948437.0
2025-11-12,103011.43,105297.23,100836.61,101663.19,103066.92,-1.31%,12:23:00,19:29:00,64347179407.55,2028193369222.48,19947975.0
2025-11-11,105996.86,107428.26,102457.33,102997.47,104942.8,-2.83%,01:23:00,21:53:00,71130078574.37,2054823782940.53,19947531.0
2025-11-10,104723.77,106564.7,104350.65,105996.6,105457.67,1.22%,01:14:00,00:07:00,69585887229.14,2114307338734.65,19946887.0
2025-11-09,102278.98,105418.37,101468.88,104719.64,103443.62,2.39%,23:03:00,03:31:00,59679243012.82,2088873006728.9,19946503.0
2025-11-08,103371.7,103373.56,101458.04,102282.11,102415.8,-1.05%,00:00:00,14:20:00,51446691094.53,2040075678640.12,19946187.0
2025-11-07,101286.24,104052.92,99257.06,103372.41,101654.99,2.06%,22:09:00,12:56:00,92168030080.75,2061830246982.65,19945790.0
2025-11-06,103893.67,104147.3,100336.87,101301.29,102242.08,-2.5%,04:47:00,16:45:00,63932752860.8,2020190184566.83,19945356.0
2025-11-05,101579.24,104534.7,98989.92,103891.84,101762.31,2.28%,20:16:00,01:40:00,77584934803.74,2072068578561.24,19944128.0
2025-11-04,106541.42,107264.88,98962.06,101590.52,103113.47,-4.65%,04:06:00,21:37:00,110967184772.86,2025909299235.06,19944128.0
2025-11-03,110646.91,110764.92,105336.36,106547.52,108050.64,-3.7%,00:11:00,16:09:00,72852006359.15,2124870430622.27,19944078.0
2025-11-02,110064.43,111167.31,109523.46,110639.63,110345.38,0.52%,12:06:00,22:36:00,34284209458.94,2206703485500.82,19943653.0
2025-11-01,109558.63,110574.9,109372.95,110064.02,109973.92,0.46%,20:34:00,00:10:00,25871668761.94,2195031469846.04,19943150.0
2025-10-31,108304.41,111031.82,108288.27,109556.16,109660.05,1.16%,15:11:00,00:01:00,60090359559.55,2184893745051.09,19942690.0
2025-10-30,110059.2,111612.35,106376.69,108305.55,108994.52,-1.59%,07:20:00,20:00:00,69673964813.67,2159806960807.7,19942003.0
2025-10-29,112921.33,113642.72,109368.72,110055.3,111505.72,-2.54%,13:28:00,18:41:00,62192043468.67,2194776069999.38,19941778.0
2025-10-28,114129.09,116078.99,112291.68,112956.17,114185.34,-1.03%,14:22:00,21:09:00,64528066504.07,2251805068453.25,19941362.0
2025-10-27,114479.85,116273.31,113882.29,114119.32,115077.8,-0.31%,07:07:00,23:17:00,61761358733.17,2275835954529.27,19940893.0
2025-10-26,111639.05,115260.91,111268.49,114472.44,113264.7,2.54%,22:05:00,04:02:00,41708524143.03,2282777872258.63,19940434.0
2025-10-25,111032.61,111947.7,110704.41,111641.73,111326.06,0.55%,12:59:00,00:55:00,24707667305.22,2226078132793.31,19939959.0
2025-10-24,110069.35,111842.53,109770.15,111033.92,110806.34,0.88%,12:32:00,14:28:00,48160816980.41,2213928828746.43,19939446.0
2025-10-23,107679.44,111288.59,107548.43,110069.72,109418.51,2.22%,18:03:00,00:05:00,54944076060.09,2194660092834.64,19938884.0
2025-10-22,108491.53,109115.14,106778.0,107688.59,107946.57,-0.74%,15:08:00,21:31:00,80807013217.67,2146962722154.53,19938465.0
2025-10-21,110587.63,113996.35,107534.75,108476.89,110765.55,-1.91%,16:37:00,08:48:00,101194375480.17,2163102017753.36,19937981.0
2025-10-20,108667.44,111711.03,107485.01,110588.93,109598.02,1.77%,15:53:00,00:34:00,63507793084.59,2204868785654.89,19937518.0
2025-10-19,107204.31,109488.99,106157.79,108666.71,107823.39,1.36%,18:58:00,09:30:00,47657008952.53,2166469140315.34,19936690.0
2025-10-18,106483.74,107490.98,106387.45,107198.27,106939.22,0.67%,07:13:00,00:17:00,37779905278.47,2137288778462.57,19936593.0
2025-10-17,108179.13,109235.81,103598.43,106467.79,106417.12,-1.58%,04:03:00,10:25:00,99703051669.23,2122869968031.88,19936096.0
2025-10-16,110782.17,111990.81,107537.03,108186.04,109763.92,-2.34%,12:05:00,20:36:00,87306423067.48,2156578744337.95,19935256.0
2025-10-15,113113.97,113622.38,110235.84,110783.17,111929.11,-2.06%,02:31:00,17:17:00,72574132855.11,2208376792808.87,19934406.0
2025-10-14,115264.88,115502.88,110029.49,113118.67,112766.18,-1.86%,00:34:00,13:39:00,92212917403.23,2254859843995.83,19934406.0
2025-10-13,115161.68,116020.49,113821.19,115271.08,114920.84,0.09%,19:55:00,11:31:00,71582026738.87,2297709116995.09,19934165.0
2025-10-12,110811.51,115805.07,109715.54,115169.76,112760.3,3.93%,22:03:00,01:00:00,93710414090.64,2295493500275.05,19932790.0
2025-10-11,113236.43,113429.72,109760.56,110807.88,111595.14,-2.14%,03:02:00,21:10:00,110236934340.44,2208782640083.79,19932790.0
2025-10-10,121704.74,122509.66,104582.41,113214.37,113546.04,-6.98%,13:43:00,21:21:00,153125018868.11,2257116276274.94,19932775.0
2025-10-09,123337.07,123739.35,119812.03,121705.58,121775.69,-1.32%,12:43:00,17:01:00,74653009424.96,2425798679230.03,19931834.0
2025-10-08,121448.35,124167.09,121119.18,123354.87,122643.14,1.57%,17:59:00,06:08:00,65354305285.91,2458333960629.99,19931834.0
2025-10-07,124752.14,125184.03,120681.97,121451.38,122933.0,-2.65%,12:58:00,18:30:00,76149412513.03,2420648589010.21,19931506.0
2025-10-06,123510.45,126198.07,123196.05,124752.53,124697.06,1.01%,18:59:00,00:56:00,72568881188.34,2486340085205.98,19930240.0
2025-10-05,122419.67,125559.21,122191.96,123513.47,123875.58,0.89%,04:53:00,01:24:00,73689317763.05,2461341319591.38,19928203.0
2025-10-04,122267.47,122857.64,121577.57,122425.43,122217.61,0.13%,05:27:00,18:57:00,36769171734.75,2439604048667.28,19928203.0
2025-10-03,120656.98,123944.7,119344.31,122266.53,121644.5,1.33%,16:38:00,08:19:00,83941392228.12,2436570957894.73,19928203.0
2025-10-02,118652.39,121086.41,118383.16,120681.26,119734.78,1.71%,19:16:00,06:03:00,71415163911.62,2404476831114.3,19928203.0
2025-10-01,114057.59,118648.93,113981.4,118648.93,116315.16,4.03%,23:59:00,00:28:00,71328680131.6,2364528832561.99,19928203.0
2025-09-30,114396.52,114836.62,112740.56,114056.08,113788.59,-0.3%,01:16:00,10:04:00,58986330258.25,2272962850720.1,19928203.0
2025-09-29,112117.88,114473.57,111589.95,114400.39,113031.76,2.04%,20:45:00,07:27:00,60000147465.61,2279698774405.04,19928043.0
2025-09-28,109681.95,112375.48,109236.95,112122.64,110806.22,2.23%,23:10:00,12:50:00,33371048505.29,2234220620825.09,19927425.0
2025-09-27,109707.14,109778.5,109144.29,109681.94,109461.39,-0.02%,04:35:00,09:29:00,26308042910.14,2185641706167.04,19927087.0
2025-09-26,109041.29,110359.19,108728.98,109712.83,109544.08,0.62%,18:28:00,11:20:00,57738288948.87,2186093717136.85,19926631.0
2025-09-25,113330.17,113541.09,108713.4,109049.29,111127.24,-3.78%,00:09:00,18:02:00,75528654283.63,2172778969611.28,19926203.0
2025-09-24,112007.67,113986.27,111229.64,113328.63,112607.96,1.18%,17:43:00,04:13:00,48044595084.74,2258188096263.37,19925746.0
2025-09-23,112757.48,113351.91,111535.57,112014.5,112443.74,-0.66%,09:12:00,20:37:00,47211853278.67,2231784565506.68,19925284.0
2025-09-22,115309.22,115431.31,112037.64,112748.51,113734.48,-2.22%,00:13:00,19:47:00,70684158591.15,2246673306140.46,19924828.0
2025-09-21,115730.23,115901.09,115252.58,115306.1,115576.84,-0.37%,08:02:00,22:23:00,22495852193.17,2297339763871.24,19923296.0
2025-09-20,115691.13,116191.15,115473.52,115721.96,115832.34,0.03%,15:31:00,03:56:00,22864449614.47,2305727545530.23,19923296.0
2025-09-19,117137.67,117479.75,115141.82,115688.86,116310.78,-1.24%,01:06:00,20:01:00,38828473971.12,2304948597306.78,19923296.0
2025-09-18,116461.26,117911.79,116188.8,117137.2,117050.3,0.58%,18:52:00,00:27:00,49457272032.38,2333715124062.34,19922840.0
2025-09-17,116840.51,117328.61,114794.97,116468.51,116061.79,-0.32%,07:23:00,18:47:00,60528025996.3,2320183085224.08,19922359.0
2025-09-16,115423.75,117005.28,114813.09,116843.18,115909.18,1.23%,22:09:00,13:52:00,45781744592.98,2327691788783.86,19921959.0
2025-09-15,115399.63,116747.88,114461.06,115444.87,115604.47,0.04%,06:11:00,13:46:00,52937859416.04,2299410634533.67,19921468.0
2025-09-14,115950.29,116181.5,115222.4,115407.65,115701.95,-0.47%,09:49:00,23:50:00,32798036056.78,2298871666829.88,19920962.0
2025-09-13,116093.56,116334.63,115248.28,115950.51,115791.46,-0.12%,01:04:00,17:10:00,34549454946.66,2309784087733.52,19920468.0
2025-09-12,115507.79,116769.38,114794.48,116101.58,115781.93,0.51%,19:56:00,12:11:00,54785725894.45,2312575346970.39,19919928.0
2025-09-11,113961.43,115522.54,113453.84,115507.54,114488.19,1.36%,23:58:00,13:19:00,45685065332.3,2300873652880.9,19919640.0
2025-09-10,111531.25,114275.25,110940.08,113955.36,112607.66,2.17%,13:50:00,01:52:00,56377473784.11,2270015122299.65,19919153.0
2025-09-09,112077.58,113225.44,110776.7,111530.55,112001.07,-0.49%,07:31:00,15:46:00,45984480722.09,2221551890594.18,19918650.0
2025-09-08,111163.02,112869.24,110630.61,112071.43,111749.92,0.82%,15:26:00,02:22:00,40212813406.78,2232377995774.42,19918150.0
2025-09-07,110221.33,111591.08,110211.62,111167.62,110901.35,0.86%,23:28:00,00:03:00,24618007519.76,2214104302826.17,19917634.0
2025-09-06,110650.57,111275.02,110024.08,110224.7,110649.55,-0.38%,03:29:00,19:55:00,21500719035.81,2195293247853.39,19917137.0
2025-09-05,110723.01,113357.49,110233.4,110650.99,111795.44,-0.07%,12:56:00,17:44:00,60241647677.23,2203793467266.42,19916693.0
2025-09-04,111718.15,112208.33,109347.23,110723.6,110777.78,-0.89%,00:58:00,15:22:00,60131132900.9,2205191335152.3,19916287.0
2025-09-03,111190.7,112600.22,110582.96,111723.21,111591.59,0.48%,17:53:00,07:21:00,61119643564.64,2224907382002.52,19915362.0
2025-09-02,109243.07,111748.01,108454.03,111200.59,110101.02,1.79%,14:37:00,12:48:00,74776999490.97,2214403015411.19,19915362.0
2025-09-01,108228.75,109890.58,107271.18,109250.59,108580.88,0.94%,09:34:00,05:20:00,66870372995.2,2175562358172.14,19914878.0
2025-08-31,108818.46,109491.0,108104.66,108236.71,108797.83,-0.53%,01:57:00,23:41:00,47986191770.07,2155311534755.2,19914409.0
2025-08-30,108409.4,108929.35,107444.44,108808.07,108186.9,0.37%,15:46:00,02:00:00,51486264207.9,2167007351838.78,19913968.0
2025-08-29,112550.52,112619.05,107559.62,108410.84,110089.34,-3.68%,00:30:00,21:04:00,77843379643.52,2158807975372.9,19913475.0
2025-08-28,111219.05,113450.08,110900.92,112544.8,112175.5,1.19%,13:23:00,00:36:00,58860155962.4,2241214229395.23,19912962.0
2025-08-27,111795.71,112619.42,110398.26,111222.06,111508.84,-0.51%,14:36:00,08:50:00,62137056408.51,2214646576273.91,19912475.0
2025-08-26,110124.11,112397.01,108762.04,111802.66,110579.52,1.52%,23:14:00,01:02:00,69396320316.88,2226076813796.44,19912006.0
2025-08-25,113456.89,113637.84,109324.28,110124.35,111481.06,-2.94%,03:11:00,21:33:00,85706860189.64,2192739869455.91,19911534.0
2025-08-24,115387.39,115615.08,111060.54,113458.43,113337.81,-1.67%,02:10:00,19:38:00,73961489632.02,2259049760359.11,19911084.0
2025-08-23,116866.37,116996.25,114536.11,115374.33,115766.18,-1.28%,00:35:00,15:12:00,55377142585.98,2297430001314.73,19910581.0
2025-08-22,112433.73,117377.4,111678.95,116874.09,114528.17,3.95%,18:15:00,12:36:00,82528088239.59,2326822823274.44,19910115.0
2025-08-21,114275.68,114802.65,111986.23,112419.03,113394.44,-1.62%,02:02:00,19:39:00,57817883699.69,2238516228088.39,19909650.0
2025-08-20,112828.02,114625.8,112387.96,114274.74,113506.88,1.28%,22:57:00,14:18:00,67993811525.52,2275137450832.98,19909200.0
2025-08-19,116241.86,116764.5,112730.4,112831.18,114747.45,-2.93%,01:05:00,23:55:00,71657600352.99,2246264081038.23,19908743.0
2025-08-18,117453.91,117614.17,114723.68,116252.31,116168.92,-1.02%,00:11:00,09:35:00,72787808089.51,2314179147653.02,19908312.0
2025-08-17,117492.79,118595.78,117279.52,117453.06,117937.65,-0.03%,13:53:00,01:08:00,45852169525.35,2338253928062.47,19907843.0
2025-08-16,117398.42,117996.06,117271.95,117491.35,117634.0,0.08%,01:55:00,10:23:00,48036922377.96,2338971474695.19,19907362.0
2025-08-15,118365.78,119332.31,116864.57,117398.35,118098.44,-0.82%,06:49:00,16:17:00,68665353159.16,2337039020728.36,19906903.0
2025-08-14,123339.4,124457.12,117254.88,118359.58,120856.0,-4.04%,00:33:00,18:23:00,104055627395.48,2356244699277.73,19906468.0
2025-08-13,120168.98,123682.45,118939.63,123344.06,121311.04,2.64%,23:42:00,06:05:00,90904808794.95,2455190057730.02,19905968.0
2025-08-12,118717.66,120302.47,118228.72,120172.91,119265.6,1.23%,20:56:00,10:15:00,72803657984.3,2391997268648.95,19905281.0
2025-08-11,119306.81,122321.1,118159.03,118731.45,120240.06,-0.48%,06:56:00,21:54:00,90528784177.43,2363082431521.65,19905062.0
2025-08-10,116497.72,119320.71,116485.17,119306.76,117902.94,2.41%,23:35:00,00:02:00,64755458694.47,2374751720810.42,19904578.0
2025-08-09,116678.28,117906.61,116363.84,116500.36,117135.22,-0.15%,10:24:00,03:09:00,54004312428.99,2318789772860.09,19904165.0
2025-08-08,117505.5,117689.2,115917.46,116688.73,116803.33,-0.7%,00:39:00,15:47:00,59713005166.12,2322343980631.86,19903825.0
2025-08-07,115030.05,117676.91,114279.71,117496.9,115978.31,2.14%,22:57:00,04:57:00,64051649680.54,2338757036672.32,19903384.0
2025-08-06,114140.91,115737.83,113372.25,115028.0,114555.04,0.78%,18:16:00,04:39:00,56379133509.58,2289426220057.24,19902853.0
2025-08-05,115072.18,115117.44,112701.11,114141.44,113909.28,-0.81%,00:39:00,14:47:00,61039182286.4,2271682684065.46,19902440.0
2025-08-04,114223.92,115729.47,114130.4,115071.88,114929.94,0.74%,17:18:00,00:15:00,35783028986.15,2290168688367.51,19902018.0
2025-08-03,112525.8,114747.42,111943.8,114217.67,113345.61,1.5%,19:38:00,00:39:00,48099615825.72,2273225581674.02,19901484.0
2025-08-02,113320.39,114021.61,112005.77,112526.91,113013.69,-0.7%,05:04:00,19:15:00,56870865999.63,2239374886795.05,19900990.0
2025-08-01,115738.96,116060.77,112724.44,113320.09,114392.61,-2.09%,03:25:00,22:52:00,91294530181.27,2255135680883.85,19900528.0
2025-07-31,117833.63,118919.98,115505.22,115758.2,117212.6,-1.76%,07:22:00,23:42:00,69370346017.86,2303212731755.83,19900065.0
2025-07-30,117921.99,118780.73,115800.83,117831.19,117290.78,-0.08%,15:01:00,19:07:00,68896148591.57,2344840211128.15,19899584.0
2025-07-29,117938.58,119273.87,116987.37,117922.15,118130.62,-0.01%,07:49:00,16:39:00,68463107433.08,2346548863678.93,19899162.0
2025-07-28,119457.52,119819.79,117441.44,117924.47,118630.62,-1.28%,02:39:00,18:36:00,64822943193.08,2346839250912.99,19898825.0
2025-07-27,117944.73,119815.6,117859.69,119448.49,118837.64,1.27%,22:46:00,00:13:00,54683390891.99,2377006745709.88,19898343.0
2025-07-26,117644.84,118335.69,117181.23,117947.37,117758.46,0.26%,19:56:00,02:00:00,48508954045.79,2346856092637.38,19897931.0
2025-07-25,118368.0,118486.98,114759.82,117635.88,116623.4,-0.62%,00:05:00,07:57:00,104857024568.67,2340833108360.89,19897456.0
2025-07-24,118770.98,119535.45,117247.97,118368.0,118391.71,-0.34%,15:11:00,07:06:00,72627318559.56,2355161768776.72,19896946.0
2025-07-23,119997.44,120113.35,117391.39,118754.96,118752.37,-1.04%,00:26:00,13:52:00,66608604536.87,2363126358024.41,19896496.0
2025-07-22,117426.5,120269.97,116233.23,119995.42,118251.6,2.19%,23:20:00,01:19:00,79217583118.49,2387475839645.87,19896056.0
2025-07-21,117306.47,119671.56,116584.4,117439.54,118127.98,0.11%,07:31:00,00:24:00,69820091744.15,2336270166954.78,19895596.0
2025-07-20,117944.11,118865.03,116550.14,117300.79,117707.58,-0.55%,16:06:00,22:19:00,57515447231.38,2333823422030.29,19895096.0
2025-07-19,117998.13,118541.4,117388.41,117939.98,117964.9,-0.05%,11:10:00,21:27:00,47564562764.75,2346457480606.41,19894656.0
2025-07-18,119284.11,120851.92,116925.98,118003.22,118888.95,-1.07%,06:03:00,20:39:00,77945799784.74,2347478699402.93,19894203.0
2025-07-17,118738.51,120999.61,117508.22,119289.84,119253.92,0.46%,21:26:00,12:31:00,72363841798.42,2373010088202.67,19893765.0
2025-07-16,117777.19,120065.52,117064.82,118738.51,118565.17,0.82%,21:04:00,02:38:00,72162029070.46,2362105115509.25,19893337.0
2025-07-15,119853.85,119935.56,115765.69,117777.19,117850.62,-1.73%,00:29:00,14:58:00,98321661180.6,2342931256280.44,19892912.0
2025-07-14,119115.79,123091.61,118959.2,119849.71,121025.4,0.62%,07:40:00,01:32:00,181746419401.06,2384182852789.83,19892418.0
2025-07-13,117432.2,119449.57,117265.44,119116.12,118357.5,1.43%,19:33:00,00:19:00,49021091807.15,2369444812889.26,19891946.0
2025-07-12,117530.71,118219.9,116977.02,117435.23,117598.46,-0.08%,09:55:00,15:55:00,45524560304.01,2335905558930.53,19891525.0
2025-07-11,115986.23,118856.47,115245.69,117516.99,117051.08,1.32%,09:38:00,00:28:00,86928361084.93,2337810344520.96,19891059.0
2025-07-10,111329.2,116608.78,110660.75,115987.21,113634.76,4.18%,21:58:00,13:45:00,95911605727.89,2307032090295.36,19890568.0
2025-07-09,108950.28,111925.38,108357.68,111326.55,110141.53,2.18%,19:56:00,04:27:00,57927418064.83,2214343274520.85,19890050.0
2025-07-08,108298.23,109198.97,107499.56,108950.28,108349.26,0.6%,13:47:00,02:19:00,44282204126.95,2166970209725.65,19889534.0
2025-07-07,109235.33,109710.25,107527.06,108299.85,108618.66,-0.86%,03:28:00,18:34:00,45415696597.48,2153955280582.39,19889109.0
2025-07-06,108231.18,109731.63,107847.02,109232.07,108789.33,0.92%,21:32:00,10:03:00,36746020463.25,2172541130547.62,19888631.0
2025-07-05,108015.84,108381.34,107842.28,108231.18,108111.81,0.2%,04:31:00,02:34:00,30615537519.57,2152514555350.06,19888118.0
2025-07-04,109635.66,109751.99,107296.38,108034.34,108524.18,-1.46%,01:36:00,19:32:00,42616442655.9,2148181204989.38,19887650.0
2025-07-03,108845.01,110541.46,108605.8,109647.98,109573.63,0.74%,13:58:00,02:44:00,50494742269.78,2180339952810.43,19887143.0
2025-07-02,105703.1,109763.65,105157.4,108859.32,107460.52,2.99%,17:25:00,01:18:00,56248657736.96,2164564307569.28,19886665.0
2025-07-01,107144.38,107550.68,105270.23,105698.28,106410.45,-1.35%,01:25:00,20:02:00,44110692246.89,2102033618558.69,19886206.0
2025-06-30,108383.44,108798.79,106759.65,107135.33,107779.22,-1.15%,01:46:00,15:19:00,42064804589.76,2130649407200.56,19885778.0
2025-06-29,107327.82,108526.31,107230.11,108385.57,107878.21,0.99%,12:01:00,02:06:00,35534874438.25,2155239518940.18,19885321.0
2025-06-28,107090.55,107567.88,106883.97,107327.7,107225.92,0.22%,17:52:00,01:39:00,30037708334.64,2134192283383.46,19884800.0
2025-06-27,106954.92,107772.47,106449.99,107088.43,107111.23,0.12%,07:21:00,14:36:00,45353692674.51,2129424241709.23,19884334.0
2025-06-26,107375.07,108305.54,106666.35,106960.0,107485.94,-0.39%,03:07:00,15:34:00,43891990612.71,2126689663377.11,19883981.0
2025-06-25,106047.4,108168.4,105881.39,107361.26,107024.89,1.24%,14:08:00,00:39:00,51624120283.34,2134992217054.6,19883500.0
2025-06-24,105571.52,106316.83,104740.24,106045.63,105528.54,0.45%,17:03:00,08:19:00,48822986421.13,2108544440918.06,19883037.0
2025-06-23,100987.47,106116.86,99705.75,105577.77,102911.3,4.55%,22:31:00,16:38:00,65237759656.41,2099045443832.7,19882687.0
2025-06-22,102212.03,103351.63,98286.21,100987.14,100818.92,-1.2%,00:38:00,20:19:00,65536997200.85,2007868285979.24,19882350.0
2025-06-21,103315.08,104015.78,100973.06,102257.41,102494.42,-1.02%,10:37:00,23:47:00,38360555117.77,2032178962104.98,19881993.0
2025-06-20,104681.03,106539.38,102372.21,103309.6,104455.8,-1.31%,08:38:00,17:38:00,50951862476.19,2054066111075.51,19881571.0
2025-06-19,104886.77,105250.89,103940.78,104684.29,104595.84,-0.19%,05:08:00,17:06:00,37333806919.54,2081173353267.23,19881093.0
2025-06-18,104602.07,105581.85,103602.26,104883.33,104592.06,0.27%,05:30:00,19:01:00,47318089133.08,2085154632114.4,19880053.0
2025-06-17,106794.12,107750.19,103396.53,104601.12,105573.36,-2.05%,03:13:00,17:08:00,55964092175.52,2079279920319.98,19878000.0
2025-06-16,105555.59,108915.38,104997.62,106796.76,106956.5,1.18%,19:28:00,01:33:00,50366626944.57,2122853535351.76,19878000.0
2025-06-15,105464.84,106157.1,104519.88,105552.03,105338.49,0.08%,06:01:00,21:14:00,36744307741.93,2098234075783.26,19878000.0
2025-06-14,106108.09,106203.76,104379.37,105472.41,105291.56,-0.6%,00:54:00,20:11:00,38007870452.64,2096430090986.37,19878000.0
2025-06-13,105924.59,106182.55,102822.03,106090.97,104502.29,0.16%,23:46:00,01:12:00,69550440845.69,2109216518327.68,19878000.0
2025-06-12,108685.91,108780.7,105785.69,105929.05,107283.2,-2.54%,00:24:00,22:56:00,54843867967.5,2105569011167.09,19878000.0
2025-06-11,110261.8,110384.22,108086.33,108686.63,109235.28,-1.43%,14:36:00,22:27:00,50842662052.1,2160417335559.55,19877621.0
2025-06-10,110295.69,110380.12,108367.71,110257.24,109373.92,-0.03%,19:36:00,15:34:00,54700101508.91,2191694012366.24,19877184.0
2025-06-09,105793.02,110561.42,105400.23,110294.1,107980.82,4.25%,21:31:00,05:39:00,55903193732.46,2192310434433.03,19876665.0
2025-06-08,105617.51,106497.06,105075.33,105793.65,105786.2,0.17%,21:57:00,10:16:00,36626232327.83,2102766527055.86,19876231.0
2025-06-07,104390.64,105972.75,103987.31,105615.63,104980.03,1.17%,20:20:00,00:19:00,38365033775.84,2099226790870.69,19875746.0
2025-06-06,101574.37,105376.77,101169.57,104390.35,103273.17,2.77%,15:17:00,00:23:00,48856653697.18,2074795695700.74,19875303.0
2025-06-05,104750.78,105936.69,100436.89,101575.95,103186.79,-3.03%,13:11:00,20:57:00,57479298399.76,2018776223605.26,19874859.0
2025-06-04,105434.37,105997.69,104232.7,104731.98,105115.2,-0.67%,10:16:00,14:07:00,44544857105.32,2081863721656.37,19874446.0
2025-06-03,105888.47,106813.58,104920.84,105432.47,105867.21,-0.43%,15:32:00,08:44:00,46196508367.02,2095409805425.64,19874068.0
2025-06-02,105649.81,105958.31,103727.55,105881.53,104842.93,0.22%,23:26:00,14:01:00,45819706290.18,2104387814851.39,19873625.0
2025-06-01,104637.3,105884.54,103826.96,105652.1,104855.75,0.97%,23:22:00,09:56:00,37397056873.12,2099597472488.37,19873178.0
2025-05-31,103994.72,104927.1,103136.11,104638.09,104031.61,0.62%,21:38:00,03:09:00,38997843858.47,2079433767578.83,19872778.0
2025-05-30,105646.21,106308.95,103685.79,103998.57,104997.37,-1.56%,05:41:00,23:36:00,57655287183.41,2066610850556.38,19872268.0
2025-05-29,107795.57,108910.05,105374.4,105641.76,107142.22,-2.0%,11:23:00,23:50:00,56022752042.28,2099378937278.93,19871787.0
2025-05-28,108992.17,109298.29,106812.93,107802.32,108055.61,-1.09%,01:01:00,20:03:00,49155377492.62,2142032300750.99,19871246.0
2025-05-27,109440.41,110744.21,107609.56,108994.64,109176.88,-0.41%,13:21:00,01:25:00,57450176271.9,2165759917665.08,19870784.0
2025-05-26,109023.78,110376.88,108735.64,109440.37,109556.26,0.38%,15:42:00,00:29:00,45950461570.55,2174618146067.49,19870340.0
2025-05-25,107802.27,109313.3,106683.37,109035.39,107998.34,1.14%,23:02:00,16:30:00,47518041840.84,2166289174480.45,19869878.0
2025-05-24,107278.51,109454.52,106895.29,107791.16,108174.9,0.48%,11:13:00,00:06:00,45903627162.57,2141965387828.07,19869390.0
2025-05-23,111679.36,111798.9,106841.3,107287.8,109320.1,-3.93%,00:14:00,23:50:00,67548133399.04,2131510862104.81,19868946.0
2025-05-22,109673.49,111970.17,109285.07,111673.28,110627.62,1.82%,17:35:00,00:44:00,70157575642.18,2218898497873.57,19868475.0
2025-05-21,106791.31,110724.46,106127.23,109678.08,108425.84,2.7%,23:28:00,09:51:00,78086364051.2,2178990523382.01,19867978.0
2025-05-20,105605.41,107307.11,104206.52,106791.09,105756.82,1.12%,20:50:00,13:49:00,36515726122.09,2121681311978.18,19867546.0
2025-05-19,106430.53,107068.72,102112.69,105606.18,104590.7,-0.77%,00:09:00,06:40:00,61761126647.23,2098071217513.42,19867081.0
2025-05-18,103186.96,106597.17,103142.6,106446.01,104869.88,3.16%,23:59:00,00:02:00,49887082058.37,2114273396994.7,19865290.0
2025-05-17,103489.29,103716.95,102659.18,103191.09,103188.06,-0.29%,05:04:00,01:48:00,37898552742.49,2049838797922.8,19865290.0
2025-05-16,103735.66,104533.49,103137.48,103489.29,103835.48,-0.24%,16:06:00,08:26:00,44386499364.19,2055844752493.61,19865290.0
2025-05-15,103538.83,104153.62,101440.81,103744.64,102797.22,0.2%,17:46:00,14:47:00,50408241840.21,2060734306805.03,19865246.0
2025-05-14,104167.33,104303.57,102618.3,103539.42,103460.94,-0.6%,13:36:00,17:26:00,45956071154.97,2056779928150.06,19864818.0
2025-05-13,102812.49,104997.42,101515.09,104169.81,103256.26,1.32%,19:49:00,03:31:00,52608876410.39,2069217464299.17,19864362.0
2025-05-12,104106.96,105747.45,100814.4,102812.95,103280.92,-1.24%,07:06:00,18:51:00,63250475404.07,2042262518124.06,19863953.0
2025-05-11,104701.07,104937.99,103364.74,104106.36,104151.36,-0.57%,00:08:00,08:00:00,46285517406.46,2067926988011.64,19863484.0
2025-05-10,102973.71,104961.76,102830.48,104696.33,103896.12,1.67%,23:26:00,00:57:00,42276713994.21,2079681907129.59,19863043.0
2025-05-09,103239.13,104297.49,102343.09,102970.85,103320.29,-0.26%,07:50:00,03:58:00,58198593958.12,2045331412613.67,19862550.0
2025-05-08,97034.25,103969.54,96913.87,103241.46,100441.7,6.4%,21:22:00,00:43:00,69895404396.74,2050549647765.61,19862137.0
2025-05-07,96800.19,97625.81,95829.33,97032.32,96727.57,0.24%,01:09:00,19:36:00,76983822461.78,1927258114966.34,19861628.0
2025-05-06,94748.39,96889.18,93399.86,96802.48,95144.52,2.17%,23:52:00,13:55:00,26551275826.73,1922564634928.08,19861165.0
2025-05-05,94319.56,95193.19,93566.26,94748.05,94379.72,0.45%,22:43:00,02:10:00,25816260327.41,1881770981023.73,19860718.0
2025-05-04,95877.18,96318.92,94173.43,94315.97,95246.17,-1.63%,02:07:00,23:46:00,18198688416.06,1873204156311.45,19860187.0
2025-05-03,96904.63,96943.88,95821.29,95891.8,96382.58,-1.05%,00:06:00,23:39:00,15775154888.97,1904096908523.72,19859750.0
2025-05-02,96494.97,97905.9,96375.95,96910.07,97140.92,0.43%,15:02:00,08:01:00,26421924676.66,1924452398321.14,19859240.0
2025-05-01,94212.86,97437.96,94153.63,96492.34,95795.8,2.42%,15:16:00,00:01:00,32875889623.44,1916269083424.81,19858746.0
2025-04-30,94286.47,95249.32,92979.64,94207.31,94114.48,-0.08%,11:56:00,14:01:00,28344679831.08,1870909932833.95,19858328.0
2025-04-29,94981.86,95485.41,93796.63,94284.79,94641.02,-0.73%,16:46:00,23:15:00,25806129920.72,1872332680247.73,19857915.0
2025-04-28,93755.3,95598.49,92860.81,94978.75,94229.65,1.3%,12:48:00,01:56:00,32363449569.16,1886098133222.49,19857456.0
2025-04-27,94660.91,95301.21,93665.4,93754.85,94483.3,-0.96%,01:18:00,13:08:00,18090367763.89,1861696344787.47,19856971.0
2025-04-26,94714.65,95251.36,93927.25,94646.93,94589.3,-0.07%,01:37:00,13:47:00,17612825123.36,1879642011224.54,19856581.0
2025-04-25,93954.25,95768.39,92898.59,94720.5,94333.49,0.82%,14:57:00,03:03:00,40915232363.91,1880786784724.34,19856175.0
2025-04-24,93692.4,94016.19,91696.71,93943.79,92856.45,0.27%,23:35:00,08:50:00,31483175315.4,1865529089320.75,19855718.0
2025-04-23,93427.59,94535.73,91962.96,93699.11,93249.34,0.29%,13:39:00,15:30:00,41719568820.85,1860287631188.0,19855268.0
2025-04-22,87521.87,93817.38,87084.53,93441.89,90450.96,6.76%,23:39:00,00:38:00,55899038455.73,1854997709159.84,19854925.0
2025-04-21,85171.54,88460.1,85143.84,87518.91,86801.97,2.76%,14:32:00,00:05:00,41396190189.88,1737698002466.93,19854443.0
2025-04-20,85066.07,85306.38,83976.85,85174.3,84641.62,0.13%,02:06:00,11:32:00,14664050811.93,1690999727673.35,19854046.0
2025-04-19,84450.87,85597.7,84353.46,85063.41,84975.58,0.73%,15:33:00,00:09:00,15259300427.02,1688872213416.23,19853653.0
2025-04-18,84900.19,85095.05,84298.88,84450.81,84696.96,-0.53%,01:31:00,16:03:00,12728372364.23,1676621539019.95,19853218.0
2025-04-17,84030.67,85449.07,83749.75,84895.75,84599.41,1.03%,18:26:00,14:38:00,21276866029.01,1685506773681.22,19852803.0
2025-04-16,83674.51,85428.28,83100.62,84033.87,84264.45,0.43%,17:23:00,01:01:00,29617804112.22,1668203892788.15,19852321.0
2025-04-15,84539.69,86429.35,83598.82,83668.99,85014.08,-1.03%,13:53:00,23:44:00,28040322884.75,1661094846850.74,19851862.0
2025-04-14,83694.52,85785.0,83690.64,84542.39,84737.82,1.01%,14:54:00,00:00:00,34090769777.17,1678232271828.09,19851412.0
2025-04-13,85279.47,86015.19,83027.0,83684.98,84521.1,-1.87%,01:32:00,21:09:00,28796984817.37,1661414206575.85,19850931.0
2025-04-12,83404.52,85856.19,82769.38,85287.11,84312.78,2.26%,20:45:00,03:01:00,24258059103.94,1692832369410.95,19850409.0
2025-04-11,79625.05,84247.47,78936.32,83404.84,81591.9,4.75%,21:24:00,01:00:00,41656778779.2,1655577243580.95,19849971.0
2025-04-10,82565.97,82700.93,78456.13,79626.14,80578.53,-3.56%,00:08:00,16:03:00,44718000633.05,1580516596818.75,19849490.0
2025-04-09,76273.56,83541.0,74589.67,82573.95,79065.33,8.26%,21:25:00,01:30:00,84213627037.89,1638855824943.54,19849046.0
2025-04-08,79218.47,80823.89,76198.02,76271.95,78510.96,-3.72%,02:14:00,22:40:00,48314590748.66,1513925781250.1,19848631.0
2025-04-07,78221.33,81119.06,74436.68,79235.33,77777.87,1.3%,14:19:00,07:05:00,91262424987.16,1572341577872.51,19848168.0
2025-04-06,83504.51,83704.72,77097.74,78214.48,80401.23,-6.34%,01:32:00,23:22:00,36294853735.96,1552514022964.74,19847706.0
2025-04-05,83844.7,84207.02,82377.74,83504.8,83292.38,-0.41%,01:29:00,15:46:00,14380803630.57,1657340895729.22,19847253.0
2025-04-04,83100.25,84696.15,81670.75,83843.8,83183.45,0.89%,09:58:00,11:31:00,45157640206.84,1664044793034.85,19846750.0
2025-04-03,82487.48,83909.3,81282.1,83102.83,82595.7,0.75%,01:52:00,15:09:00,36852112079.93,1649221222254.52,19846165.0
2025-04-02,85180.61,88466.96,82343.54,82485.71,85405.25,-3.16%,20:18:00,23:04:00,47584398470.45,1637022453253.18,19845709.0
2025-04-01,82551.92,85487.37,82429.36,85169.17,83958.36,3.17%,16:03:00,00:17:00,28175650319.38,1690423576120.2,19845168.0
2025-03-31,82336.06,83870.12,81293.89,82548.91,82582.0,0.26%,15:26:00,00:46:00,29004228246.6,1638221363683.2,19844740.0
2025-03-30,82596.98,83505.0,81573.25,82334.52,82539.12,-0.32%,10:12:00,22:10:00,14763760943.16,1633897839688.31,19844256.0
2025-03-29,84352.07,84567.33,81634.14,82597.58,83100.74,-2.08%,00:38:00,17:18:00,16969396135.15,1639041071993.37,19843837.0
2025-03-28,87185.23,87489.86,83557.64,84353.15,85523.75,-3.25%,01:45:00,17:14:00,34198619509.07,1673833438274.29,19843418.0
2025-03-27,86896.25,87786.72,85837.93,87177.1,86812.32,0.32%,02:50:00,13:41:00,24413471940.5,1730010857472.35,19842934.0
2025-03-26,87460.24,88292.16,85861.46,86900.89,87076.81,-0.64%,07:48:00,19:17:00,26704046037.95,1724236156701.27,19842468.0
2025-03-25,87512.82,88542.39,86346.08,87471.7,87444.24,-0.05%,20:12:00,04:04:00,30005840048.56,1735384354257.58,19841981.0
2025-03-24,86070.93,88758.73,85541.2,87498.91,87149.96,1.66%,14:22:00,02:01:00,34582604932.53,1736502001565.25,19841525.0
2025-03-23,83831.9,86094.78,83794.91,86054.37,84944.84,2.65%,23:59:00,00:02:00,12594615536.53,1707315972975.48,19841046.0
2025-03-22,84046.26,84513.87,83674.78,83832.49,84094.32,-0.25%,09:45:00,23:38:00,9863214090.93,1663232978817.3,19840556.0
2025-03-21,84164.54,84782.27,83171.07,84043.25,83976.67,-0.14%,02:03:00,13:37:00,19030452299.43,1667338686341.68,19840084.0
2025-03-20,86872.95,87443.27,83647.19,84167.19,85545.23,-3.11%,00:11:00,16:53:00,29028988960.57,1669793971945.76,19839637.0
2025-03-19,82718.8,87021.19,82569.73,86854.23,84795.46,5.0%,23:44:00,02:07:00,34931960257.28,1723489026417.42,19839190.0
2025-03-18,84075.72,84075.72,81179.99,82718.5,82627.86,-1.61%,00:00:00,13:59:00,24095774593.8,1641034534667.84,19838712.0
2025-03-17,82576.33,84725.33,82492.15,84075.69,83608.74,1.82%,19:48:00,14:12:00,25092785558.06,1667916832027.95,19838271.0
2025-03-16,84333.32,85051.6,82017.9,82579.69,83534.75,-2.08%,16:10:00,23:10:00,21330270173.57,1638135611739.34,19837834.0
2025-03-15,83968.41,84672.67,83639.59,84343.11,84156.13,0.45%,03:35:00,08:19:00,13650491277.15,1673151454912.12,19837362.0
2025-03-14,81066.99,85263.29,80797.56,83969.1,83030.42,3.58%,15:43:00,00:11:00,29588112413.91,1665855004855.24,19836950.0
2025-03-13,83724.92,84301.69,79931.85,81066.7,82116.77,-3.17%,02:08:00,17:50:00,31412940153.29,1608729406184.04,19836521.0
2025-03-12,82857.38,84358.58,80635.25,83722.36,82496.92,1.04%,12:31:00,15:09:00,40353484453.92,1660115020072.53,19836021.0
2025-03-11,78523.87,83577.76,76624.25,82862.21,80101.0,5.52%,19:09:00,00:52:00,54702837195.93,1643251488719.33,19835556.0
2025-03-10,80597.15,83955.93,77420.59,78532.0,80688.26,-2.56%,09:25:00,19:05:00,54061099421.87,1558443889890.77,19835125.0
2025-03-09,86154.31,86471.13,80052.49,80601.04,83261.81,-6.45%,01:02:00,23:08:00,30899345977.33,1598204838668.61,19834650.0
2025-03-08,86742.65,86847.27,85247.48,86154.59,86047.38,-0.68%,00:54:00,01:35:00,18206118081.06,1708770969530.81,19834137.0
2025-03-07,89963.28,91191.05,84717.68,86742.68,87954.36,-3.58%,00:14:00,00:56:00,65945677657.29,1720278292432.94,19833703.0
2025-03-06,90622.36,92804.94,87852.14,89961.73,90328.54,-0.73%,05:59:00,19:32:00,47749810486.3,1783797293239.35,19833259.0
2025-03-05,87222.95,90998.24,86379.77,90623.56,88689.0,3.9%,23:46:00,00:44:00,50498988027.45,1797288639505.38,19832728.0
2025-03-04,86064.07,88911.27,81529.24,87222.19,85220.26,1.35%,21:30:00,15:22:00,68095241474.12,1729669520136.75,19832315.0
2025-03-03,94248.42,94429.75,85081.3,86065.67,89755.52,-8.68%,00:02:00,22:00:00,70072228536.46,1707124824346.28,19831881.0
2025-03-02,86036.26,95043.44,85040.21,94248.35,90041.83,9.54%,17:48:00,14:50:00,58398341092.43,1869318230178.38,19831393.0
2025-03-01,84373.86,86522.3,83794.23,86031.91,85158.26,1.97%,04:44:00,00:58:00,29190628396.31,1706160579762.37,19830968.0
2025-02-28,84705.63,85036.32,78248.92,84373.01,81642.62,-0.39%,18:53:00,08:47:00,83610570575.92,1673219380516.41,19830562.0
2025-02-27,84076.86,87000.78,83144.96,84704.22,85072.87,0.75%,11:00:00,21:08:00,52659591953.61,1679717102161.05,19830053.0
2025-02-26,88638.89,89286.25,82131.9,84347.02,85709.08,-4.84%,03:20:00,20:21:00,64597492134.27,1671143630991.63,19829568.0
2025-02-25,91437.11,92511.08,86008.23,88736.17,89259.66,-2.95%,03:52:00,15:37:00,92139104127.7,1759577092442.84,19829081.0
2025-02-24,96277.96,96503.45,91371.74,91418.17,93937.6,-5.05%,00:12:00,23:59:00,44046480529.18,1812835768648.78,19828634.0
2025-02-23,96577.8,96671.87,95270.45,96273.92,95971.16,-0.31%,01:00:00,17:33:00,16999478976.16,1909022572746.19,19828240.0
2025-02-22,96134.2,96950.16,95765.34,96577.76,96357.75,0.46%,12:56:00,00:33:00,18353824476.55,1914928937300.34,19827837.0
2025-02-21,98340.67,99497.97,94852.96,96125.54,97175.46,-2.25%,13:48:00,21:00:00,49608706469.55,1905832099166.45,19827384.0
2025-02-20,96632.68,98767.19,96442.67,98333.94,97604.93,1.76%,20:26:00,00:39:00,31668022770.75,1949797317941.17,19826968.0
2025-02-19,95532.53,96855.6,95011.97,96635.61,95933.78,1.15%,23:03:00,01:27:00,28990872861.84,1915897477169.6,19826600.0
2025-02-18,95773.82,96695.38,93388.83,95539.54,95042.11,-0.24%,14:26:00,19:14:00,37325720482.36,1894092344724.63,19826200.0
2025-02-17,96179.0,97032.24,95243.54,95773.38,96137.89,-0.42%,14:18:00,19:21:00,27336550689.63,1898793608528.55,19825753.0
2025-02-16,97580.49,97725.6,96060.98,96175.03,96893.29,-1.44%,00:39:00,23:43:00,16536755396.23,1906779638967.32,19825321.0
2025-02-15,97508.38,97975.04,97240.2,97580.35,97607.62,0.07%,03:13:00,00:33:00,17047266288.41,1934520637924.95,19824871.0
2025-02-14,96623.37,98819.47,96342.81,97508.97,97581.14,0.92%,17:58:00,15:19:00,32697987276.92,1932948924495.69,19824362.0
2025-02-13,97888.75,98111.09,95269.71,96623.87,96690.4,-1.29%,01:55:00,16:58:00,37147280859.99,1915447210572.84,19823850.0
2025-02-12,95745.69,98151.03,94101.2,97885.86,96126.12,2.24%,22:40:00,13:42:00,49340445529.78,1940242365476.66,19823400.0
2025-02-11,97438.13,98492.9,94875.04,95747.43,96683.97,-1.74%,05:57:00,19:42:00,37488783271.89,1897964794815.03,19822978.0
2025-02-10,96499.46,98333.22,95320.84,97437.56,96827.03,0.97%,14:01:00,01:46:00,40078962390.78,1931740792090.75,19822606.0
2025-02-09,96481.32,97325.28,94745.26,96500.09,96035.27,0.02%,04:01:00,21:54:00,27732901800.43,1912827391516.37,19822156.0
2025-02-08,96533.26,96877.81,95702.49,96482.45,96290.15,-0.05%,03:09:00,15:31:00,22447526395.12,1912426186151.71,19821700.0
2025-02-07,96581.32,100154.14,95653.89,96529.08,97904.02,-0.05%,14:51:00,22:34:00,55741290456.48,1913405359442.93,19821203.0
2025-02-06,96610.64,99168.61,95707.35,96593.3,97437.98,-0.02%,11:51:00,19:50:00,45302471947.11,1914349686277.64,19820662.0
2025-02-05,97878.01,99113.21,96174.83,96615.44,97644.02,-1.29%,14:43:00,23:34:00,49125911241.12,1915013611807.15,19820193.0
2025-02-04,101398.72,101745.61,96208.11,97871.82,98976.86,-3.48%,00:18:00,22:14:00,73002130210.71,1939247972759.58,19819781.0
2025-02-03,97681.1,102514.17,91242.89,101405.42,96878.53,3.81%,22:10:00,02:09:00,115400897748.03,2009571185330.52,19819343.0
2025-02-02,100661.54,101430.67,96216.08,97688.98,98823.38,-2.95%,01:22:00,22:42:00,63091816853.4,1935746524005.4,19818878.0
2025-02-01,102402.8,102755.73,100297.71,100655.91,101526.72,-1.71%,01:46:00,23:25:00,27757944848.3,1994943345106.19,19818328.0
2025-01-31,104737.56,106026.35,101543.88,102405.03,103785.12,-2.23%,15:56:00,21:32:00,45732764359.6,2029428972448.1,19817771.0
2025-01-30,103709.34,106418.77,103321.65,104735.3,104870.21,0.99%,15:13:00,00:32:00,41915744521.36,2075653153142.54,19817375.0
2025-01-29,101317.53,104750.81,101283.82,103703.21,103017.32,2.35%,20:34:00,00:01:00,47432049817.95,2055183543946.32,19816921.0
2025-01-28,102095.42,103730.82,100238.19,101332.48,101984.5,-0.75%,15:32:00,22:01:00,47180685494.0,2007518100049.64,19816309.0
2025-01-27,102680.3,103214.11,97795.94,102087.69,100505.02,-0.58%,00:11:00,07:31:00,89006608427.88,2023052943646.03,19815946.0
2025-01-26,104713.21,105438.64,102507.71,102682.5,103973.18,-1.94%,04:27:00,23:56:00,22543395879.45,2034705019960.93,19815500.0
2025-01-25,104824.03,105243.79,104120.38,104714.65,104682.08,-0.1%,18:33:00,10:10:00,23888996501.99,2074559479001.94,19815040.0
2025-01-24,103965.67,107098.55,102772.12,104819.48,104935.34,0.82%,18:29:00,03:26:00,52388229265.3,2076961712719.0,19814653.0
2025-01-23,103657.67,106820.33,101257.8,103960.17,104039.06,0.29%,16:16:00,10:45:00,104104515428.06,2059818861176.53,19814234.0
2025-01-22,106136.38,106294.34,103360.27,103653.07,104827.3,-2.34%,01:07:00,16:46:00,53878181052.37,2053851084717.98,19813787.0
2025-01-21,102052.58,107180.92,100103.96,106146.26,103642.44,4.01%,18:41:00,01:31:00,88733878242.01,2102915931217.31,19813337.0
2025-01-20,101083.75,109114.88,99471.36,102016.66,104293.12,0.92%,06:56:00,00:42:00,126279678351.02,2021959305140.74,19812918.0
2025-01-19,104411.29,106299.8,99570.53,101089.61,102935.16,-3.18%,21:00:00,23:41:00,76789928525.09,2002715800503.2,19812440.0
2025-01-18,104124.95,104913.21,102226.62,104408.07,103569.92,0.27%,15:55:00,08:11:00,50445655725.64,2068581942437.74,19811965.0
2025-01-17,100025.77,105884.23,99948.91,104462.04,102916.57,4.44%,20:01:00,00:04:00,71888972662.9,2069344681719.56,19811553.0
2025-01-16,100505.3,100781.59,97364.44,99756.91,99073.02,-0.74%,00:03:00,15:03:00,54103781804.71,1975939538073.53,19811084.0
2025-01-15,96534.05,100697.23,96501.64,100504.49,98599.44,4.11%,20:22:00,00:05:00,57805923627.33,1991112409561.28,19810678.0
2025-01-14,94519.01,97352.66,94322.15,96534.04,95837.4,2.13%,09:54:00,00:46:00,53769675817.65,1912474167256.74,19810240.0
2025-01-13,94488.89,95837.0,89260.1,94516.53,92548.55,0.03%,00:38:00,14:37:00,72978998252.04,1872375406197.59,19809512.0
2025-01-12,94565.73,95367.54,93712.51,94488.44,94540.02,-0.08%,15:23:00,09:50:00,20885130964.79,1871766465336.38,19809381.0
2025-01-11,94700.84,94977.69,93840.04,94566.59,94408.86,-0.14%,21:56:00,04:38:00,18860894100.35,1873237899879.31,19808846.0
2025-01-10,92494.49,95770.61,92250.09,94701.46,94010.35,2.39%,17:59:00,15:15:00,62058693683.57,1875885466612.61,19808412.0
2025-01-09,95043.49,95349.72,91220.84,92484.04,93285.28,-2.69%,01:25:00,20:23:00,62777261693.16,1832169140187.88,19807962.0
2025-01-08,96924.16,97258.32,92525.84,95043.52,94892.08,-1.94%,01:00:00,17:32:00,63875859171.19,1882572360732.92,19807484.0
2025-01-07,102248.85,102712.49,96132.87,96922.71,99422.68,-5.21%,00:37:00,20:25:00,58685738546.55,1919787500379.26,19807109.0
2025-01-06,98314.96,102482.87,97926.15,102078.09,100204.51,3.83%,16:30:00,01:22:00,51823432704.9,2021809968109.4,19806665.0
2025-01-05,98233.91,98813.31,97291.76,98314.96,98052.54,0.08%,23:03:00,14:21:00,20525254824.64,1947189546143.58,19806271.0
2025-01-04,98106.99,98734.43,97562.98,98236.23,98148.7,0.13%,21:06:00,15:51:00,22342608077.72,1945654462825.16,19805771.0
2025-01-03,96881.73,98956.92,96034.61,98107.43,97495.76,1.27%,19:22:00,08:37:00,35611391162.85,1943222658412.32,19805312.0
2025-01-02,94416.29,97739.82,94201.57,96886.88,95970.7,2.62%,20:25:00,00:19:00,46009564411.19,1918730145566.76,19804871.0
2025-01-01,93425.1,94929.86,92788.13,94419.76,93859.0,1.06%,21:25:00,09:28:00,24519888918.84,1869850163161.44,19804318.0
2024-12-31,92643.25,96090.6,91914.03,93429.2,94002.32,0.85%,14:35:00,01:32:00,43625106842.87,1850183342119.26,19803921.0
2024-12-30,93527.2,94903.32,91317.14,92643.21,93110.23,-0.95%,20:25:00,15:11:00,56188003691.42,1834643033988.95,19803490.0
2024-12-29,95174.06,95174.88,92881.79,93530.23,94028.34,-1.73%,00:00:00,23:12:00,29635885266.64,1852119372624.09,19803003.0
2024-12-28,94160.19,95525.9,94014.29,95163.93,94770.1,1.07%,22:53:00,01:27:00,24107436184.88,1884684226460.12,19802500.0
2024-12-27,95704.97,97294.85,93310.74,94164.86,95302.8,-1.61%,09:07:00,17:25:00,52419934565.08,1864541907464.46,19802078.0
2024-12-26,99297.7,99884.57,95137.89,95795.52,97511.23,-3.53%,00:11:00,10:15:00,47054980873.26,1896937576269.02,19801578.0
2024-12-25,98675.91,99478.75,97593.47,99299.19,98536.11,0.63%,23:57:00,12:03:00,33700394629.11,1966210082590.95,19801165.0
2024-12-24,94684.35,99404.06,93448.01,98676.1,96426.04,4.22%,18:18:00,02:22:00,47114953674.13,1953851713516.67,19800696.0
2024-12-23,95099.39,96416.21,92403.13,94686.24,94409.67,-0.43%,11:03:00,20:17:00,65239002918.62,1875314065984.88,19800271.0
2024-12-22,97218.32,97360.26,94202.19,95104.93,95781.22,-2.17%,00:40:00,22:11:00,43147981313.7,1882953315399.26,19799846.0
2024-12-21,97756.19,99507.1,96426.52,97224.73,97966.81,-0.54%,07:44:00,13:34:00,51765334293.97,1924861940275.83,19799375.0
2024-12-20,97484.7,98098.91,92175.18,97755.93,95137.04,0.28%,07:13:00,12:18:00,105634083408.08,1935459460468.73,19798890.0
2024-12-19,100070.69,102748.15,95587.68,97490.95,99167.92,-2.58%,14:36:00,20:14:00,97221662391.74,1930044053238.37,19798431.0
2024-12-18,106147.3,106470.61,100041.54,100041.54,103256.08,-5.75%,00:19:00,23:59:00,93865656139.45,1982994456166.16,19797971.0
2024-12-17,106030.69,108268.45,105291.74,106140.6,106780.1,0.1%,14:59:00,22:47:00,68589364867.85,2101344621529.72,19797515.0
2024-12-16,104293.58,107780.58,103322.98,106029.72,105551.78,1.66%,18:31:00,12:51:00,91020417816.32,2099101774990.23,19797115.0
2024-12-15,101373.53,105047.54,101227.03,104298.7,103137.28,2.89%,23:28:00,00:42:00,51145914137.43,2065144333081.26,19796621.0
2024-12-14,101451.44,102618.88,100634.06,101372.97,101626.47,-0.08%,01:29:00,20:54:00,40422968793.07,2006808502978.48,19796178.0
2024-12-13,100046.65,101888.81,99233.28,101459.25,100561.04,1.41%,20:46:00,01:54:00,56894751583.19,2008423637064.33,19795587.0
2024-12-12,101167.81,102524.91,99339.95,100043.0,100932.43,-1.11%,16:17:00,19:48:00,72073983532.97,1980440555379.36,19795171.0
2024-12-11,96656.06,101913.36,95747.23,101173.03,98830.3,4.67%,22:12:00,02:00:00,85391409935.84,2002682634623.17,19794440.0
2024-12-10,97441.23,98270.15,94321.26,96675.43,96295.7,-0.79%,14:49:00,18:13:00,104823780633.61,1913235117589.06,19794259.0
2024-12-09,101237.06,101272.5,94355.91,97432.72,97814.2,-3.76%,00:02:00,21:06:00,110676473908.41,1928513648652.0,19791556.0
2024-12-08,99921.92,101399.99,98771.51,101236.01,100085.75,1.32%,23:57:00,09:56:00,44125751925.28,2003538950158.15,19790568.0
2024-12-07,99916.71,100563.38,99030.89,99923.34,99797.14,0.01%,01:05:00,05:46:00,44177510896.8,1977521445640.32,19790568.0
2024-12-06,97074.22,102039.88,96514.88,99920.71,99277.38,2.93%,20:43:00,00:07:00,94534772657.92,1977630964720.96,19790568.0
2024-12-05,98741.54,103900.47,91998.78,96593.57,97949.62,-2.18%,03:09:00,22:29:00,149218945579.65,1911777565577.02,19790568.0
2024-12-04,95988.53,99207.33,94660.52,98768.53,96933.92,2.9%,20:52:00,16:53:00,77199817111.98,1954156097012.25,19790568.0
2024-12-03,95854.6,96297.2,93629.56,96002.16,94963.38,0.15%,02:42:00,14:36:00,67067810961.23,1899532461067.09,19790568.0
2024-12-02,97276.01,98152.6,94482.86,95865.3,96317.73,-1.45%,01:32:00,18:00:00,72680784305.11,1896994040043.38,19790515.0
2024-12-01,96461.34,97888.13,95770.18,97279.79,96829.16,0.85%,22:01:00,02:59:00,36590695296.24,1924784957143.68,19790100.0
2024-11-30,97468.81,97499.34,96144.22,96449.06,96821.78,-1.05%,00:00:00,11:01:00,31634227866.46,1908652965665.17,19789534.0
2024-11-29,95653.95,98693.17,95407.89,97461.52,97050.53,1.89%,15:21:00,00:54:00,54968682476.36,1928820661174.08,19789106.0
2024-11-28,95954.94,96650.2,94677.35,95652.47,95663.78,-0.32%,01:01:00,10:10:00,52260008260.61,1892868519535.94,19788712.0
2024-11-27,91978.14,97361.18,91778.66,95962.53,94569.92,4.33%,20:31:00,00:47:00,71133452438.22,1898774680758.02,19788190.0
2024-11-26,93087.28,94991.75,90770.82,91985.32,92881.28,-1.18%,06:28:00,20:40:00,91656519855.42,1820053564596.46,19787893.0
2024-11-25,98033.44,98935.03,92642.91,93102.3,95788.97,-5.03%,09:23:00,22:40:00,80909462490.0,1842257290730.95,19787453.0
2024-11-24,97778.1,98647.18,95788.08,98013.82,97217.63,0.24%,02:45:00,17:48:00,51712020622.89,1937919789263.12,19786912.0
2024-11-23,99006.74,99014.68,97232.89,97777.28,98123.78,-1.24%,00:30:00,20:30:00,44414644676.69,1934627418210.28,19786484.0
2024-11-22,98496.43,99655.5,97222.67,98997.66,98439.08,0.51%,19:38:00,14:58:00,78473580550.87,1958954432126.85,19786071.0
2024-11-21,94334.64,99014.21,94132.6,98504.73,96573.4,4.42%,19:18:00,02:39:00,106024505581.86,1948797365352.85,19785615.0
2024-11-20,92341.89,94902.02,91619.5,94339.5,93260.76,2.16%,15:40:00,03:06:00,71730956426.31,1866427425875.83,19785175.0
2024-11-19,90536.81,94002.87,90426.99,92343.79,92214.93,2.0%,19:15:00,00:03:00,74521048294.81,1826956673335.0,19784700.0
2024-11-18,89843.72,92596.79,89393.59,90542.64,90995.19,0.78%,16:03:00,14:00:00,75535775084.26,1791255587562.26,19784143.0
2024-11-17,90558.46,91433.04,88741.67,89845.85,90087.36,-0.79%,09:11:00,22:06:00,46350159305.48,1777526304284.46,19783668.0
2024-11-16,91064.37,91763.95,90094.23,90558.48,90929.09,-0.56%,05:26:00,15:51:00,44333192813.6,1791535825197.71,19783196.0
2024-11-15,87284.18,91868.74,87124.9,91066.01,89496.82,4.33%,22:03:00,04:52:00,78243109518.27,1801436194834.93,19782721.0
2024-11-14,90574.88,91765.22,86682.82,87250.43,89224.02,-3.67%,14:34:00,23:42:00,87616705247.88,1727562262252.15,19782253.0
2024-11-13,87929.97,93434.36,86256.93,90584.17,89845.64,3.02%,16:16:00,06:36:00,123559027868.7,1791737553113.66,19781837.0
2024-11-12,88705.56,89956.88,85155.11,87955.81,87556.0,-0.85%,07:16:00,13:51:00,133673285374.5,1739381625716.84,19781443.0
2024-11-11,80471.41,89604.5,80283.25,88701.49,84943.88,10.23%,23:25:00,00:13:00,117966845037.02,1754682553469.65,19780975.0
2024-11-10,76775.54,81474.42,76565.43,80474.19,79019.92,4.82%,22:23:00,00:05:00,82570594494.54,1591750610705.99,19780540.0
2024-11-09,76556.19,76932.76,75773.79,76778.87,76353.27,0.29%,23:46:00,17:18:00,29009480361.15,1518690764416.78,19780062.0
2024-11-08,75902.83,77252.75,75648.74,76545.48,76450.74,0.85%,19:49:00,03:05:00,55176858002.62,1514255354916.4,19779659.0
2024-11-07,75637.08,76943.12,74480.42,75904.86,75711.77,0.35%,20:23:00,06:15:00,63467654989.4,1501297989024.83,19779209.0
2024-11-06,69358.5,76460.15,69322.03,75639.08,72891.09,9.06%,20:58:00,00:04:00,118592653963.0,1496003893299.42,19778709.0
2024-11-05,67811.17,70522.79,67458.87,69359.57,68990.83,2.28%,16:36:00,01:36:00,46046889204.13,1371788058010.5,19778225.0
2024-11-04,68742.13,69433.18,66803.65,67811.51,68118.41,-1.35%,03:02:00,21:55:00,41184819348.33,1341156657449.22,19777812.0
2024-11-03,69296.38,69361.66,67482.53,68741.12,68422.1,-0.8%,00:03:00,15:40:00,34868307655.18,1359535744745.29,19777328.0
2024-11-02,69486.02,69867.35,69033.72,69289.28,69450.54,-0.28%,02:30:00,14:53:00,18184612091.32,1370468034065.75,19776906.0
2024-11-01,70216.9,71559.02,68779.7,69482.47,70169.36,-1.05%,14:31:00,02:12:00,49989795365.09,1374187711280.88,19776462.0
2024-10-31,72335.04,72662.31,69590.5,70215.19,71126.4,-2.93%,10:55:00,20:57:00,40627912076.23,1388607599014.43,19775975.0
2024-10-30,72715.37,72905.3,71411.74,72339.54,72158.52,-0.52%,21:05:00,13:46:00,40646637831.37,1430461157910.81,19775493.0
2024-10-29,69910.05,73577.21,69729.92,72720.49,71653.56,4.02%,19:12:00,00:11:00,58541874401.85,1437942445619.61,19774946.0
2024-10-28,67922.67,70212.27,67535.13,69907.75,68873.7,2.92%,22:10:00,05:34:00,38799856657.22,1382358128595.11,19774471.0
2024-10-27,67023.48,68221.31,66847.22,67929.3,67534.26,1.35%,22:30:00,01:25:00,16721307878.1,1343230761707.59,19773953.0
2024-10-26,66628.74,67317.92,66360.6,67014.7,66839.26,0.58%,20:31:00,02:13:00,19588098156.32,1325286022321.48,19773459.0
2024-10-25,68165.3,68722.16,65521.79,66642.41,67121.98,-2.23%,14:32:00,23:25:00,41469984305.66,1317385748797.48,19773000.0
2024-10-24,66653.7,68798.96,66454.1,68161.05,67626.53,2.26%,21:24:00,00:24:00,31414428647.2,1347797865139.47,19772493.0
2024-10-23,67362.37,67402.74,65188.04,66432.2,66295.39,-1.38%,00:01:00,18:21:00,32263980353.23,1313495275869.46,19772059.0
2024-10-22,67360.7,67801.58,66581.37,67361.4,67191.48,0.0%,22:57:00,00:34:00,31808472565.82,1331842439476.36,19771596.0
2024-10-21,69002.0,69462.74,66829.85,67367.85,68146.3,-2.37%,00:32:00,15:13:00,37498611780.2,1331798086167.27,19771143.0
2024-10-20,68364.18,69359.01,68105.72,69001.71,68732.36,0.93%,22:53:00,03:09:00,18975847518.28,1364212669154.26,19770625.0
2024-10-19,68418.98,68668.01,68024.64,68362.73,68346.32,-0.08%,03:18:00,17:03:00,14443497907.64,1351535266982.96,19770059.0
2024-10-18,67419.11,68969.75,67177.82,68418.79,68073.78,1.48%,18:47:00,00:57:00,36857165014.36,1352611490621.36,19769537.0
2024-10-17,67617.08,67912.21,66647.39,67399.83,67279.8,-0.32%,00:38:00,13:37:00,32790898510.76,1332816990035.49,19769128.0
2024-10-16,67042.46,68375.29,66758.73,67612.72,67567.01,0.85%,11:48:00,01:12:00,38195189533.82,1336696892492.18,19768628.0
2024-10-15,66050.37,67881.68,64809.2,67041.11,66345.44,1.5%,14:02:00,15:09:00,48863870878.62,1325307318851.9,19768178.0
2024-10-14,62848.4,66482.49,62442.15,66046.13,64462.32,5.09%,23:01:00,00:53:00,43706958055.79,1305664072036.41,19767703.0
2024-10-13,63192.94,63272.65,62035.64,62851.37,62654.14,-0.54%,00:33:00,15:31:00,18177529689.88,1242341595990.99,19767275.0
2024-10-12,62444.62,63448.78,62443.27,63193.02,62946.02,1.2%,15:15:00,00:00:00,16744110885.86,1249123856891.37,19766825.0
2024-10-11,60275.46,63400.87,60046.13,62445.09,61723.5,3.6%,19:13:00,01:37:00,30327141594.18,1234303474603.03,19766371.0
2024-10-10,60581.93,61236.72,58895.21,60274.5,60065.96,-0.51%,12:03:00,18:27:00,30452813570.16,1191400599851.04,19765931.0
2024-10-09,62131.73,62508.84,60314.61,60582.1,61411.72,-2.49%,05:58:00,20:56:00,27670982363.46,1197429647366.86,19765459.0
2024-10-08,62221.65,63174.31,61843.56,62131.97,62508.94,-0.14%,14:03:00,19:16:00,28134475156.91,1228037977784.51,19765071.0
2024-10-07,62819.11,64443.71,62152.55,62236.66,63298.13,-0.93%,14:25:00,23:01:00,34253562610.48,1229782194408.04,19764540.0
2024-10-06,62084.99,62959.57,61833.15,62818.95,62396.36,1.18%,19:31:00,04:43:00,14776233666.91,1241559389621.88,19764040.0
2024-10-05,62067.61,62371.02,61689.58,62089.95,62030.3,0.04%,13:13:00,03:04:00,13305410748.72,1227021845844.29,19763584.0
2024-10-04,60754.63,62465.99,60459.94,62067.48,61462.96,2.16%,20:56:00,00:55:00,29585472513.07,1226647958541.08,19763093.0
2024-10-03,60632.49,61469.04,59878.8,60759.4,60673.92,0.21%,04:01:00,13:19:00,36106447278.67,1200668382436.2,19762584.0
2024-10-02,60836.32,62357.69,59996.95,60632.79,61177.32,-0.33%,16:08:00,19:47:00,40762722397.63,1198224649900.69,19762090.0
2024-10-01,63335.6,64110.98,60189.28,60837.01,62150.13,-3.95%,07:40:00,20:42:00,50220923499.58,1202222321937.7,19761587.0
2024-09-30,65634.66,65635.05,62873.62,63329.5,64254.34,-3.51%,00:00:00,23:44:00,37112957474.81,1251461875405.87,19761121.0
2024-09-29,65888.9,66069.35,65450.01,65635.31,65759.68,-0.38%,20:06:00,08:26:00,14788214574.54,1296984728119.06,19760668.0
2024-09-28,65792.18,66255.53,65458.03,65887.65,65856.78,0.15%,03:08:00,13:16:00,15243637983.9,1301977287120.42,19760193.0
2024-09-27,65180.67,66480.69,64852.99,65790.66,65666.84,0.94%,14:39:00,03:07:00,32058813449.4,1300039501550.01,19759787.0
2024-09-26,63138.55,65790.8,62669.27,65181.02,64230.04,3.23%,17:08:00,01:39:00,36873129847.33,1287929596336.16,19759381.0
2024-09-25,64302.59,64804.5,62945.38,63143.15,63874.94,-1.8%,01:41:00,23:44:00,25078377699.65,1247551422563.2,19758950.0
2024-09-24,63326.84,64695.22,62737.42,64301.97,63716.32,1.54%,22:58:00,02:15:00,29938335243.03,1270523906052.13,19758518.0
2024-09-23,63643.1,64733.56,62628.08,63329.8,63680.82,-0.49%,03:28:00,00:17:00,31400285425.2,1251214895782.2,19758050.0
2024-09-22,63396.8,63993.42,62440.73,63648.71,63217.08,0.4%,22:59:00,22:06:00,20183348802.13,1257434508161.25,19757593.0
2024-09-21,63184.34,63543.36,62783.11,63394.84,63163.24,0.33%,23:51:00,05:08:00,14408616220.03,1252541488640.3,19757171.0
2024-09-20,62941.43,64119.53,62364.61,63192.98,63242.07,0.4%,04:10:00,18:12:00,35177164222.14,1248317992550.81,19756762.0
2024-09-19,61651.16,63872.44,61609.87,62940.46,62741.16,2.09%,17:47:00,01:36:00,42710252572.5,1243489914823.71,19756303.0
2024-09-18,60309.0,61664.07,59218.25,61649.68,60441.16,2.22%,23:58:00,16:06:00,40990702890.6,1217976155884.66,19755934.0
2024-09-17,58192.51,61316.09,57628.07,60308.54,59472.08,3.64%,15:22:00,01:01:00,38075570117.66,1191434667557.74,19755503.0
2024-09-16,59185.23,59205.51,57501.34,58192.51,58353.42,-1.68%,00:05:00,17:13:00,32032822113.39,1149595000633.19,19755034.0
2024-09-15,60000.73,60381.92,58696.31,59182.84,59539.12,-1.36%,15:46:00,23:12:00,18120960866.97,1169182849928.94,19754640.0
2024-09-14,60569.12,60656.72,59517.88,60005.12,60087.3,-0.93%,00:19:00,18:10:00,16428405496.29,1185265247315.9,19754181.0
2024-09-13,58130.32,60648.02,57650.11,60571.3,59149.06,4.2%,22:59:00,12:25:00,32490528355.5,1196466210707.58,19753734.0
2024-09-12,57343.17,58534.36,57330.1,58127.01,57932.23,1.37%,14:35:00,00:00:00,33835707948.72,1148268024284.08,19753340.0
2024-09-11,57650.29,57991.32,55567.34,57343.17,56779.33,-0.53%,18:27:00,14:48:00,37049062671.53,1132692864304.88,19752881.0
2024-09-10,57020.1,58029.98,56419.41,57648.71,57224.7,1.1%,19:58:00,04:38:00,28857630506.88,1138738372572.7,19752518.0
2024-09-09,54851.89,58041.12,54598.43,57019.53,56319.78,3.95%,21:16:00,05:55:00,34618096173.33,1126266856954.79,19752103.0
2024-09-08,54147.93,55300.86,53653.76,54841.57,54477.31,1.28%,22:29:00,16:03:00,18268287531.02,1083415774482.94,19751659.0
2024-09-07,53949.09,54838.15,53740.07,54139.69,54289.11,0.35%,16:09:00,01:54:00,19061486526.14,1069483234366.22,19751137.0
2024-09-06,56160.19,56976.11,52598.7,53948.75,54787.4,-3.94%,13:24:00,21:01:00,49361693566.14,1065529160549.42,19750643.0
2024-09-05,57971.7,58300.58,55712.45,56160.49,57006.52,-3.12%,00:30:00,21:36:00,31030280656.27,1109173176845.09,19750168.0
2024-09-04,57430.35,58511.57,55673.16,57971.54,57092.37,0.94%,16:39:00,01:06:00,35627680311.93,1144922067905.65,19749671.0
2024-09-03,59106.19,59815.06,57425.17,57431.02,58620.12,-2.83%,02:16:00,23:59:00,26666961052.67,1134203956918.77,19749209.0
2024-09-02,57326.97,59403.07,57136.03,59112.48,58269.55,3.11%,23:02:00,00:53:00,27036454524.41,1167274281774.19,19748765.0
2024-09-01,58969.8,59062.07,57217.82,57325.49,58139.94,-2.79%,00:17:00,23:19:00,24592449996.84,1132107052433.14,19748246.0
2024-08-31,59117.48,59432.59,58768.78,58969.9,59100.68,-0.25%,00:34:00,17:52:00,12403470760.22,1164522862133.13,19747784.0
2024-08-30,59388.6,59896.89,57768.53,59119.47,58832.71,-0.45%,12:31:00,16:28:00,32292756404.79,1167450891056.22,19747315.0
2024-08-29,59027.47,61184.08,58786.23,59388.18,59985.16,0.61%,15:35:00,22:10:00,32224990582.03,1172740960639.8,19746903.0
2024-08-28,59507.92,60236.45,57890.68,59027.63,59063.56,-0.81%,10:00:00,16:24:00,40289564698.25,1165584605051.06,19746478.0
2024-08-27,62879.71,63207.6,58116.75,59504.13,60662.18,-5.37%,05:52:00,22:16:00,39103882197.72,1175040861567.76,19745956.0
2024-08-26,64342.23,64489.71,62849.56,62880.66,63669.63,-2.27%,00:08:00,23:56:00,27682040631.48,1241593608804.03,19745537.0
2024-08-25,64176.37,64996.42,63833.52,64333.54,64414.97,0.24%,23:29:00,10:10:00,18827683555.12,1270273035259.48,19745112.0
2024-08-24,64103.87,64513.79,63619.92,64178.99,64066.86,0.12%,09:01:00,22:00:00,21430585163.21,1267143884943.4,19744712.0
2024-08-23,60380.95,64947.06,60372.05,64094.36,62659.56,6.15%,22:35:00,00:02:00,42530509233.24,1265681609173.33,19744231.0
2024-08-22,61168.32,61408.11,59815.25,60381.91,60611.68,-1.29%,12:04:00,02:53:00,27625734376.65,1192142090606.28,19743678.0
2024-08-21,59014.99,61834.35,58823.44,61175.19,60328.9,3.66%,20:06:00,01:23:00,32731154072.02,1207652524160.56,19743218.0
2024-08-20,59493.45,61396.33,58610.88,59012.79,60003.6,-0.81%,05:25:00,16:11:00,31613400007.92,1165118855138.42,19742762.0
2024-08-19,58480.71,59612.66,57864.71,59493.45,58738.68,1.73%,23:55:00,10:06:00,25911207712.1,1174536992004.58,19742290.0
2024-08-18,59468.13,60262.72,58445.4,58483.96,59354.06,-1.65%,12:47:00,23:56:00,17740625837.21,1154518920582.08,19741875.0
2024-08-17,58893.53,59694.67,58814.83,59478.97,59254.75,0.99%,16:53:00,00:20:00,13589684021.38,1173983398000.89,19741387.0
2024-08-16,57560.27,59847.36,57110.02,58894.1,58478.69,2.32%,19:33:00,01:23:00,29350938673.14,1162612186428.42,19740915.0
2024-08-15,58733.26,59838.65,56161.59,57560.1,58000.12,-2.0%,16:32:00,20:57:00,35682112440.15,1136267308779.81,19740478.0
2024-08-14,60611.05,61687.76,58472.87,58737.27,60080.32,-3.09%,12:31:00,22:05:00,29961696179.78,1159393319243.89,19739978.0
2024-08-13,59356.21,61572.4,58506.25,60609.57,60039.32,2.11%,17:45:00,10:25:00,30327698167.09,1196435943982.72,19739568.0
2024-08-12,58719.4,60680.33,57688.9,59354.51,59184.62,1.08%,14:41:00,07:22:00,37078637820.19,1171638477214.27,19739106.0
2024-08-11,60944.89,61778.66,58348.82,58719.48,60063.74,-3.65%,09:21:00,20:39:00,22759754812.06,1159042118919.04,19738659.0
2024-08-10,60881.23,61464.51,60287.57,60945.81,60876.04,0.11%,00:24:00,04:16:00,15745822278.31,1202940345184.08,19738165.0
2024-08-09,61728.21,61751.86,59587.86,60880.11,60669.86,-1.37%,00:01:00,14:37:00,33425553115.27,1201660191806.74,19737778.0
2024-08-08,55030.03,62673.76,54766.73,61710.14,58720.24,12.14%,23:01:00,00:40:00,45298472566.63,1218352191431.14,19737365.0
2024-08-07,56040.63,57726.88,54620.51,55027.46,56173.7,-1.81%,10:35:00,22:24:00,41637562184.67,1086125591738.96,19736962.0
2024-08-06,53991.35,57059.92,53973.27,56034.32,55516.6,3.78%,18:18:00,00:00:00,49300484106.29,1106050307069.4,19736578.0
2024-08-05,58110.3,58268.83,49121.24,53991.46,53695.04,-7.09%,00:07:00,06:25:00,108991085584.42,1065580794793.2,19736140.0
2024-08-04,60676.09,61062.99,57210.8,58116.98,59136.9,-4.22%,02:35:00,17:45:00,31758917219.16,1146844860380.54,19735656.0
2024-08-03,61414.81,62148.37,59836.53,60680.09,60992.45,-1.2%,12:41:00,21:08:00,31753030589.34,1197456370706.16,19735225.0
2024-08-02,65353.5,65523.22,61184.89,61415.06,63354.06,-6.03%,00:20:00,22:59:00,43060875727.45,1212008164272.18,19734787.0
2024-08-01,64625.84,65593.24,62248.94,65357.5,63921.09,1.13%,22:27:00,17:47:00,40975554493.51,1289712080281.71,19734400.0
2024-07-31,66201.27,66810.21,64532.05,64619.25,65671.13,-2.39%,13:43:00,20:56:00,31292785993.69,1275323104043.98,19733950.0
2024-07-30,66819.05,66987.67,65323.19,66201.02,66155.43,-0.92%,07:48:00,20:12:00,31380492109.35,1306384437839.03,19733525.0
2024-07-29,68259.05,69987.54,66532.59,66819.92,68260.06,-2.11%,13:07:00,17:03:00,40780682628.04,1318540566549.27,19733003.0
2024-07-28,67808.66,68301.85,67085.83,68255.87,67693.84,0.66%,18:31:00,05:10:00,18043166944.55,1346858598263.74,19732496.0
2024-07-27,67911.81,69398.51,66705.22,67813.34,68051.86,-0.14%,14:05:00,20:26:00,34691905492.17,1338003104418.14,19732040.0
2024-07-26,65771.81,68207.6,65743.77,67912.06,66975.68,3.25%,21:50:00,00:03:00,30488630457.22,1340006377389.0,19731565.0
2024-07-25,65375.87,66112.42,63473.47,65777.22,64792.94,0.61%,22:09:00,14:14:00,38315761669.6,1297746222202.46,19731040.0
2024-07-24,65927.86,67113.98,65146.99,65372.13,66130.48,-0.84%,14:35:00,23:06:00,27470942308.81,1289901286822.95,19730540.0
2024-07-23,67584.8,67779.02,65484.46,65927.67,66631.74,-2.45%,00:19:00,20:00:00,35605668665.85,1300762573330.26,19730090.0
2024-07-22,68152.98,68480.06,66611.3,67585.25,67545.68,-0.83%,00:52:00,15:11:00,42649109453.15,1333416492641.59,19729531.0
2024-07-21,67164.91,68372.91,65842.3,68154.52,67107.61,1.47%,22:05:00,18:13:00,26652190003.57,1344591292880.38,19729018.0
2024-07-20,66709.93,67610.73,66299.62,67163.64,66955.17,0.68%,18:54:00,01:55:00,19029581249.82,1325061487221.58,19728478.0
2024-07-19,63972.33,67442.64,63329.34,66710.15,65385.99,4.28%,19:37:00,01:20:00,37003855409.78,1316050877556.13,19727962.0
2024-07-18,64104.74,65104.66,63246.16,63974.07,64175.41,-0.2%,13:13:00,19:26:00,27239305336.94,1262047185003.48,19727481.0
2024-07-17,65091.83,66066.73,63896.09,64118.79,64981.41,-1.49%,01:20:00,16:43:00,32525071310.74,1264876808968.35,19727084.0
2024-07-16,64784.42,65354.34,62487.97,65097.15,63921.16,0.48%,23:31:00,08:34:00,41617346767.84,1284144530410.43,19726587.0
2024-07-15,60815.46,64870.15,60704.93,64870.15,62787.54,6.67%,23:59:00,00:15:00,38094526099.38,1279638364954.2,19726150.0
2024-07-14,59225.25,61329.53,59225.25,60787.79,60277.39,2.64%,22:00:00,00:00:00,22223416060.82,1198755021571.63,19720325.0
2024-07-13,57908.74,59787.08,57796.44,59231.95,58791.76,2.28%,23:19:00,00:34:00,17080061806.26,1168067978181.0,19720234.0
2024-07-12,57341.19,58532.55,56590.17,57899.47,57561.36,0.97%,18:51:00,01:27:00,25604805220.57,1141786144917.27,19720150.0
2024-07-11,57729.89,59299.43,57120.38,57344.91,58209.9,-0.67%,12:34:00,03:22:00,28707803842.25,1130840802043.28,19719984.0
2024-07-10,58033.88,59359.43,57178.41,57742.49,58268.92,-0.5%,05:09:00,20:34:00,26175260525.73,1138673101575.64,19719846.0
2024-07-09,56704.6,58239.2,56316.88,58009.23,57278.04,2.3%,18:46:00,00:32:00,27849512607.28,1143927440649.47,19719750.0
2024-07-08,55849.57,58131.34,54321.02,56705.1,56226.18,1.53%,09:03:00,01:23:00,39766159898.66,1118206962401.32,19719690.0
2024-07-07,58239.43,58371.12,55793.33,55849.11,57082.23,-4.1%,02:21:00,23:51:00,20553359505.21,1101324021018.89,19719634.0
2024-07-06,56659.08,58472.55,56038.96,58303.54,57255.76,2.9%,23:31:00,05:03:00,20610320576.89,1149721701454.25,19719587.0
2024-07-05,57022.81,57497.15,53717.38,56662.37,55607.26,-0.63%,00:51:00,04:20:00,55417544033.35,1117355596306.79,19719534.0
2024-07-04,60147.14,60399.67,56777.8,56977.7,58588.74,-5.27%,00:42:00,13:45:00,41149609229.76,1123568935037.48,19719450.0
2024-07-03,62034.33,62187.7,59419.39,60173.92,60803.54,-3.0%,00:36:00,21:03:00,29756701684.52,1186592344846.68,19719378.0
2024-07-02,62844.41,63203.36,61752.75,62029.02,62478.06,-1.3%,03:43:00,16:10:00,20151616991.74,1223171892635.89,19719350.0
2024-07-01,62673.61,63777.23,62495.51,62851.98,63136.37,0.28%,18:21:00,13:51:00,25468379421.26,1239386428568.86,19719131.0
2024-06-30,60888.45,62892.83,60632.95,62678.29,61762.89,2.94%,23:01:00,05:23:00,17333226408.92,1235944779945.39,19718865.0
2024-06-29,60319.87,61097.62,60300.97,60887.38,60699.3,0.94%,11:40:00,00:04:00,12652903395.87,1200610071822.96,19718537.0
2024-06-28,61612.81,62126.1,59985.4,60320.14,61055.75,-2.1%,01:40:00,20:00:00,24952866877.23,1189406366262.41,19718231.0
2024-06-27,60811.23,62293.86,60585.33,61604.8,61439.6,1.3%,14:15:00,06:48:00,21231745044.69,1214717875147.04,19717909.0
2024-06-26,61789.68,62434.14,60695.19,60811.28,61564.66,-1.58%,02:18:00,19:14:00,22506003064.37,1199038781431.77,19717375.0
2024-06-25,60266.28,62258.26,60239.75,61804.64,61249.0,2.55%,19:04:00,00:01:00,29201215430.56,1218587029578.41,19716756.0
2024-06-24,63173.35,63292.53,58601.7,60277.41,60947.12,-4.58%,01:59:00,20:31:00,43152133650.56,1188446806983.14,19716287.0
2024-06-23,64248.96,64491.7,63180.8,63180.8,63836.25,-1.66%,01:05:00,23:59:00,11170471802.36,1245656822237.84,19715750.0
2024-06-22,64113.86,64760.36,63960.03,64252.58,64360.2,0.22%,00:42:00,00:54:00,9858198792.61,1266764455740.04,19715387.0
2024-06-21,64837.99,65007.55,62785.53,64096.2,63896.54,-1.14%,02:05:00,23:42:59,26188171739.19,1263661931352.75,19715084.0
2024-06-20,64960.3,66438.96,64547.85,64828.66,65493.4,-0.2%,11:32:00,16:25:00,25641109124.03,1278081520105.03,19714762.0
2024-06-19,65146.66,65695.35,64693.3,64960.3,65194.32,-0.29%,04:16:00,20:20:00,21103423504.4,1280662535002.41,19714543.0
2024-06-18,66490.98,66556.7,64066.96,65140.74,65311.83,-2.03%,00:02:00,19:56:00,39481285949.68,1284195191637.24,19714162.0
2024-06-17,66636.52,67188.32,65094.96,66490.29,66141.64,-0.22%,18:35:00,14:02:00,30006354475.77,1310771374540.33,19713725.0
2024-06-16,66189.36,66894.84,66018.25,66639.05,66456.54,0.68%,22:10:00,04:28:00,13281140540.78,1313672583954.16,19713256.0
2024-06-15,66006.74,66402.19,65871.78,66191.0,66136.98,0.28%,15:21:00,20:21:00,14121265575.81,1304788441997.33,19712475.0
2024-06-14,66747.57,67294.65,65056.89,66011.09,66175.77,-1.1%,13:35:00,17:06:00,27403884779.06,1301221571383.53,19712165.0
2024-06-13,68243.1,68365.78,66304.57,66756.4,67335.18,-2.18%,00:55:00,16:03:00,28955204145.83,1315894956574.15,19711893.0
2024-06-12,67321.37,69977.89,66902.46,68241.18,68440.18,1.37%,14:35:00,01:43:00,34497940693.82,1345134120906.92,19711471.0
2024-06-11,69508.08,69549.42,66123.6,67332.03,67836.51,-3.13%,00:04:00,15:45:00,37116136345.4,1327182056471.57,19711006.0
2024-06-10,69644.31,70146.07,69232.43,69512.28,69689.25,-0.19%,15:55:00,09:32:00,20597699540.57,1370130002868.6,19710618.0
2024-06-09,69297.49,69817.52,69160.84,69647.99,69489.18,0.51%,19:29:00,02:40:00,13534028500.18,1372773642949.49,19710168.0
2024-06-08,69324.18,69533.32,69210.74,69305.77,69372.03,-0.03%,08:00:00,13:30:00,14262185861.29,1365997475511.83,19709721.0
2024-06-07,70759.18,71907.85,68507.26,69342.59,70207.55,-2.0%,12:17:00,18:15:00,36188381096.17,1366686633129.09,19709196.0
2024-06-06,71082.84,71625.74,70119.12,70757.17,70872.43,-0.46%,15:29:00,20:03:00,25223152007.14,1394552080469.43,19708425.0
2024-06-05,70568.35,71735.41,70390.71,71082.82,71063.06,0.73%,16:15:00,14:17:00,32810771409.33,1400900832469.81,19708003.0
2024-06-04,68804.57,71047.41,68564.64,70567.77,69806.02,2.56%,18:26:00,09:54:00,33149696544.76,1390743617174.58,19707753.0
2024-06-03,67753.9,70230.82,66252.03,68804.78,68241.42,1.55%,13:50:00,01:00:59,32401285323.51,1355956442572.83,19707300.0
2024-06-02,67710.27,68409.17,67315.53,67751.6,67862.35,0.06%,14:35:00,19:19:00,17110588415.4,1335227914032.14,19707028.0
2024-06-01,67475.43,67839.77,67386.2,67706.94,67612.98,0.34%,22:27:00,01:41:00,11641495603.74,1334337260766.87,19706571.0
2024-05-31,68362.52,68999.57,66633.42,67489.61,67816.5,-1.28%,12:39:00,16:20:00,27387283769.48,1329961627933.33,19706168.0
2024-05-30,67576.09,69500.54,67118.08,68364.99,68309.31,1.17%,17:57:00,08:25:00,29509712533.79,1347131845678.66,19705709.0
2024-05-29,68296.35,68852.46,67101.49,67578.09,67976.98,-1.05%,02:30:00,20:10:00,26707072905.64,1331600056889.42,19705196.0
2024-05-28,69392.2,69514.64,67227.15,68296.22,68370.89,-1.58%,01:38:00,18:41:00,32722265965.17,1345757548563.5,19704678.0
2024-05-27,68512.18,70597.88,68232.5,69394.55,69415.19,1.29%,16:20:00,11:41:00,25870990716.7,1367374775956.02,19704353.0
2024-05-26,69264.29,69506.23,68183.89,68518.09,68845.06,-1.08%,08:16:00,21:33:00,15628433736.91,1349968658779.99,19704068.0
2024-05-25,68526.92,69579.32,68515.82,69265.94,69047.57,1.08%,11:29:00,00:59:00,15473071741.05,1364748567456.59,19703496.0
2024-05-24,67928.13,69220.29,66622.67,68526.1,67921.48,0.88%,20:00:00,08:28:00,29197308152.62,1350188278440.89,19703034.0
2024-05-23,69121.3,70041.27,66356.95,67929.56,68199.11,-1.72%,12:10:00,20:01:00,41895680979.35,1338341012691.15,19702309.0
2024-05-22,70135.32,70623.69,68977.69,69122.34,69800.69,-1.44%,16:16:00,21:10:00,32802561717.06,1361828325233.73,19702006.0
2024-05-21,71443.06,71946.46,69191.12,70136.53,70568.79,-1.83%,00:20:00,19:35:00,46932005990.29,1381774907494.93,19701556.0
2024-05-20,66278.74,71483.57,66086.17,71448.2,68784.87,7.8%,23:38:00,01:34:00,43850655717.06,1407508223127.28,19701118.0
2024-05-19,66937.93,67694.3,65937.18,66278.37,66815.74,-0.99%,10:38:00,19:51:00,19249094537.72,1305732230286.08,19700618.0
2024-05-18,67066.21,67387.33,66663.5,66940.8,67025.42,-0.19%,11:09:00,15:14:00,16712277405.88,1318742415299.47,19700128.0
2024-05-17,65231.3,67459.46,65119.31,67051.87,66289.39,2.79%,15:34:00,01:28:00,28031279309.72,1321187121526.77,19699743.0
2024-05-16,66256.11,66712.43,64613.06,65231.58,65662.74,-1.55%,12:31:00,17:39:00,31573077993.8,1285007856222.27,19699253.0
2024-05-15,61553.99,66454.45,61330.41,66267.49,63892.43,7.66%,23:44:00,00:49:00,39815167073.5,1305166889303.51,19698815.0
2024-05-14,62900.77,63092.13,61123.77,61552.79,62107.95,-2.14%,00:38:00,14:20:00,28186271527.17,1212512959206.07,19698365.0
2024-05-13,61451.22,63422.66,60769.84,62901.45,62096.25,2.36%,16:29:00,03:22:00,27889181179.46,1239017433570.39,19697968.0
2024-05-12,60793.5,61818.15,60632.6,61448.39,61225.38,1.08%,16:22:00,07:35:00,13800459404.7,1210435745366.84,19697506.0
2024-05-11,60793.36,61451.15,60492.63,60793.71,60971.89,0.0%,15:19:00,11:18:00,13842272967.56,1197453013828.78,19697056.0
2024-05-10,63055.19,63446.74,60208.78,60792.78,61827.76,-3.59%,12:05:00,17:52:00,27804954694.22,1197421098168.55,19696578.0
2024-05-09,61191.2,63404.92,60648.08,63049.96,62026.5,3.04%,22:53:00,11:05:00,25453338160.85,1241942293192.66,19696115.0
2024-05-08,62332.64,62986.08,60877.13,61187.94,61931.6,-1.84%,04:22:00,23:24:00,26088172222.01,1205202182090.81,19695678.0
2024-05-07,63162.76,64390.46,62285.98,62334.82,63338.22,-1.31%,08:38:00,23:58:00,25930730981.56,1227659657662.19,19695293.0
2024-05-06,64038.31,65494.9,62746.24,63161.95,64120.57,-1.37%,08:46:00,19:17:00,28697928697.49,1243984877329.17,19694909.0
2024-05-05,63892.45,64610.89,62955.31,64031.13,63783.1,0.22%,15:58:00,01:37:00,18296164805.46,1261203911121.78,19694521.0
2024-05-04,62891.03,64494.96,62599.35,63891.47,63547.16,1.59%,11:02:00,02:37:00,20620477991.84,1258304781123.06,19694106.0
2024-05-03,59122.3,63320.5,58848.31,62889.84,61084.4,6.37%,23:32:00,00:34:00,33172023048.2,1238554321094.73,19693656.0
2024-05-02,58253.7,59602.3,56937.2,59123.43,58269.75,1.49%,21:38:00,01:39:00,32711813559.09,1164330817512.3,19693221.0
2024-05-01,60609.5,60780.5,56555.29,58254.01,58667.9,-3.89%,00:13:00,08:24:00,48439780271.06,1147184157457.92,19692793.0
2024-04-30,63839.42,64703.33,59120.07,60636.86,61911.7,-5.02%,00:57:00,20:00:00,37840840057.21,1193544962108.24,19692375.0
2024-04-29,63106.36,64174.88,61795.46,63841.12,62985.17,1.16%,23:09:00,13:51:00,26635912073.23,1257121259561.43,19691928.0
2024-04-28,63423.51,64321.48,62793.6,63113.23,63557.54,-0.49%,03:16:00,23:17:00,17334827992.62,1242661116273.87,19691534.0
2024-04-27,63750.99,63898.36,62424.72,63419.14,63161.54,-0.52%,00:16:00,01:19:00,19530783038.96,1248878755079.36,19691100.0
2024-04-26,64485.37,64789.66,63322.4,63755.32,64056.03,-1.13%,14:19:00,16:10:00,24139372950.15,1255299007879.53,19690659.0
2024-04-25,64275.02,65275.21,62783.63,64481.71,64029.42,0.32%,21:19:00,13:22:00,32155786816.01,1269733248757.26,19690253.0
2024-04-24,66408.72,67075.37,63589.87,64276.9,65332.62,-3.21%,05:05:00,20:23:00,30276655120.02,1265561280453.39,19689784.0
2024-04-23,66839.89,67199.24,65864.87,66407.27,66532.05,-0.65%,01:16:00,12:47:00,24310975583.48,1307512895862.02,19689303.0
2024-04-22,64935.63,67233.96,64548.18,66837.68,65891.07,2.93%,23:13:00,02:09:00,28282686673.3,1315994975669.26,19688765.0
2024-04-21,64992.82,65723.24,64277.72,64926.64,65000.48,-0.1%,03:13:00,16:39:00,20506644853.02,1278296008665.19,19688312.0
2024-04-20,63851.1,65442.46,63172.4,64994.44,64307.43,1.79%,17:32:00,01:04:00,23097485494.81,1279569409422.42,19687859.0
2024-04-19,63510.75,65481.6,59651.39,63843.57,62566.5,0.52%,12:22:00,02:31:00,49920425400.63,1257063743135.06,19687425.0
2024-04-18,61275.32,64125.69,60833.48,63512.75,62479.59,3.65%,15:11:00,06:43:00,36006307334.72,1250301972763.52,19686462.0
2024-04-17,63831.85,64486.36,59768.59,61276.69,62127.48,-4.0%,05:20:00,16:08:00,41915247048.65,1206240184790.7,19685581.0
2024-04-16,63419.3,64355.67,61716.4,63811.86,63036.04,0.62%,21:51:00,10:32:00,42847528078.04,1256510316191.79,19684693.0
2024-04-15,65739.64,66878.65,62332.07,63426.21,64605.36,-3.52%,09:23:00,19:08:00,43595917653.69,1248326445647.25,19683700.0
2024-04-14,63836.23,65824.43,62205.85,65738.72,64015.14,2.98%,23:23:00,03:15:00,49084320047.0,1293922154520.65,19682800.0
2024-04-13,67188.38,67931.43,60919.11,63821.47,64425.27,-5.01%,04:50:00,20:10:00,52869738184.63,1256414309701.84,19681837.0
2024-04-12,70061.38,71222.74,65254.83,67195.86,68238.78,-4.09%,04:55:00,18:37:00,44129299406.24,1322318848762.9,19680768.0
2024-04-11,70575.73,71256.24,69571.81,70060.61,70414.02,-0.73%,07:25:00,15:01:00,30153382941.04,1378806199022.17,19679975.0
2024-04-10,69140.24,71093.43,67503.57,70587.88,69298.5,2.09%,22:26:00,13:51:00,38318601774.43,1388869502130.74,19679137.0
2024-04-09,71632.5,71742.51,68212.92,69139.02,69977.72,-3.48%,00:16:00,17:13:00,36426900409.13,1360554169765.49,19678181.0
2024-04-08,69362.55,72715.36,69064.24,71631.36,70889.8,3.27%,12:13:00,00:36:00,37261432669.09,1409529731787.86,19677237.0
2024-04-07,68897.11,70284.43,68851.63,69362.55,69568.03,0.68%,16:43:00,00:30:00,21204930368.78,1364795785582.02,19676262.0
2024-04-06,67840.57,69629.6,67491.72,68896.11,68560.66,1.56%,23:10:00,02:38:00,19967785808.97,1355566990096.02,19675237.0
2024-04-05,68515.75,68725.76,66011.48,67837.64,67368.62,-0.99%,00:57:00,12:38:00,33748230055.84,1334713625915.92,19674268.0
2024-04-04,65975.7,69291.25,65113.8,68508.84,67202.52,3.84%,18:03:00,04:24:00,34439527441.54,1347932221575.71,19673318.0
2024-04-03,65446.67,66914.32,64559.9,65980.81,65737.11,0.82%,14:30:00,00:39:00,34488018367.47,1297904385609.21,19672462.0
2024-04-02,69705.02,69708.38,64586.59,65446.97,67147.48,-6.11%,00:00:00,13:34:00,50705240709.24,1287439112104.0,19671575.0
2024-04-01,71333.48,71342.09,68110.7,69702.15,69726.39,-2.29%,00:00:00,16:01:00,34873527352.32,1371141394063.27,19670625.0
2024-03-31,69647.78,71377.78,69624.87,71333.65,70501.32,2.42%,23:58:00,00:01:00,20050941372.83,1403108244335.61,19669700.0
2024-03-30,69893.44,70355.49,69601.07,69645.31,69978.28,-0.36%,05:07:00,23:31:00,17130241882.57,1369892136469.29,19668856.0
2024-03-29,70744.8,70913.1,69076.65,69892.83,69994.88,-1.2%,01:41:00,15:41:00,25230851762.56,1374656364302.31,19667887.0
2024-03-28,69452.77,71546.02,68895.51,70744.95,70220.76,1.86%,15:00:00,02:46:00,34374900617.48,1391336144443.54,19666975.0
2024-03-27,69991.9,71727.68,68381.93,69455.34,70054.8,-0.77%,13:31:00,18:21:00,40827113309.13,1365860349594.74,19666031.0
2024-03-26,69931.33,71535.74,69335.61,69987.84,70435.68,0.08%,07:30:00,14:33:00,36010437368.41,1376403313500.46,19665181.0
2024-03-25,67234.1,71162.59,66414.83,69958.81,68788.71,4.05%,20:02:00,02:18:00,42700139522.64,1375150091236.61,19664293.0
2024-03-24,64070.75,67622.76,63825.85,67234.17,65724.3,4.94%,23:16:00,04:41:00,27206630673.06,1322058484488.52,19663512.0
2024-03-23,63802.72,65976.4,63038.49,64062.2,64507.44,0.41%,17:36:00,03:37:00,24738964812.32,1259788729090.63,19662462.0
2024-03-22,65489.93,66623.75,62355.37,63778.76,64489.56,-2.61%,06:11:00,21:41:00,41401116964.03,1254457600697.83,19661506.0
2024-03-21,67911.58,68199.99,64580.92,65491.39,66390.46,-3.56%,00:45:00,20:05:00,44480350564.9,1287574561970.88,19660650.0
2024-03-20,61930.15,68115.26,60807.79,67913.67,64461.52,9.66%,22:17:00,05:34:00,66792634382.18,1335131959554.81,19659856.0
2024-03-19,67556.13,68106.93,61536.18,61912.77,64821.55,-8.35%,00:21:00,23:27:00,74215844794.11,1217479093665.71,19658906.0
2024-03-18,68371.31,68897.13,66594.23,67548.59,67745.68,-1.2%,05:37:00,17:10:00,49261579492.09,1328015048454.29,19657950.0
2024-03-17,65316.34,68845.72,64545.32,68390.62,66695.52,4.71%,22:41:00,07:23:00,44716864318.25,1343978205472.65,19657050.0
2024-03-16,69392.49,70046.27,64801.4,65315.12,67423.84,-5.88%,00:24:00,23:19:00,46842198370.83,1283870289169.9,19656187.0
2024-03-15,71387.87,72357.13,65630.69,69403.77,68993.91,-2.78%,00:36:00,09:15:00,78320453975.56,1363928841106.55,19655281.0
2024-03-14,73079.37,73750.07,68563.02,71396.59,71156.55,-2.3%,07:07:00,19:44:00,59594605698.01,1403092953865.88,19654500.0
2024-03-13,71482.12,73637.47,71334.09,73083.5,72485.78,2.24%,08:30:00,00:22:00,48212536929.31,1436271822605.71,19653587.0
2024-03-12,72125.12,72825.66,68728.85,71481.29,70777.26,-0.89%,14:08:00,17:23:00,62554434520.34,1404810311680.06,19652612.0
2024-03-11,69020.55,72850.71,67194.89,72123.9,70022.8,4.5%,19:19:00,00:53:00,65716656764.81,1417380747795.66,19651693.0
2024-03-10,68500.26,70005.2,68239.98,69019.79,69122.59,0.76%,10:22:00,22:58:00,35683977531.52,1356284493147.36,19650662.0
2024-03-09,68299.26,68673.06,68053.13,68498.88,68363.1,0.29%,07:12:00,02:02:00,21609650379.03,1346014614977.61,19649775.0
2024-03-08,66938.09,70083.05,66230.45,68300.1,68156.75,2.03%,15:32:00,16:13:00,59202881172.24,1341992893970.51,19648718.0
2024-03-07,66099.74,68029.92,65655.53,66925.48,66842.73,1.25%,17:26:00,01:11:00,46989543159.21,1315182056071.44,19647737.0
2024-03-06,63776.05,67637.93,62848.67,66106.8,65243.3,3.65%,08:35:00,03:00:00,68750229073.49,1298635184349.89,19646600.0
2024-03-05,68341.06,69170.63,59323.91,63801.2,64247.27,-6.64%,15:05:00,19:58:00,102802940877.32,1252930339355.95,19645781.0
2024-03-04,63137.0,68537.03,62386.52,68330.42,65461.77,8.23%,23:14:00,00:50:00,70670471104.67,1342332633739.21,19644731.0
2024-03-03,62031.58,63230.21,61435.02,63167.37,62332.62,1.83%,22:29:00,07:33:00,26253811449.72,1240856664934.87,19643950.0
2024-03-02,62431.65,62458.7,61657.29,62029.85,62058.0,-0.64%,00:06:00,14:07:00,23888473684.9,1218449164616.58,19642950.0
2024-03-01,61168.06,63155.1,60802.53,62440.63,61978.82,2.08%,20:59:00,03:30:00,40186368422.95,1226468270480.94,19642150.0
2024-02-29,62499.18,63585.64,60498.73,61198.38,62042.18,-2.08%,06:47:00,18:51:00,65496611843.55,1202008882583.53,19641187.0
2024-02-28,57071.1,63913.13,56738.42,62504.79,60325.77,9.52%,17:16:00,02:07:00,83239156760.06,1227615937615.29,19640350.0
2024-02-27,54519.36,57537.84,54484.2,57085.37,56011.02,4.71%,19:55:00,00:43:00,49756832031.01,1121125657664.09,19639456.0
2024-02-26,51730.54,54938.17,50931.03,54522.4,52934.6,5.4%,20:10:00,09:58:00,34074411896.32,1070743961954.77,19638606.0
2024-02-25,51565.22,51950.03,51306.17,51733.24,51628.1,0.33%,20:27:00,16:47:00,15413239244.6,1015926591604.23,19637793.0
2024-02-24,50736.37,51684.19,50585.45,51571.1,51134.82,1.65%,18:16:00,02:03:00,15174077878.77,1012689168467.94,19636756.0
2024-02-23,51283.9,51497.93,50561.78,50731.95,51029.86,-1.08%,01:39:00,23:18:00,21427078269.5,996165857694.38,19635868.0
2024-02-22,51854.65,52009.61,50926.29,51304.97,51467.95,-1.06%,20:32:00,13:50:00,25413900610.68,1007369631450.12,19634931.0
2024-02-21,52273.54,52368.82,50671.76,51839.18,51520.29,-0.83%,00:14:00,19:03:00,28624907019.65,1017814980562.83,19634087.0
2024-02-20,51777.73,52945.05,50792.31,52284.87,51868.68,0.98%,13:46:00,17:25:00,33353758255.74,1026519013526.24,19633193.0
2024-02-19,52134.81,52483.33,51711.82,51779.14,52097.58,-0.68%,07:31:00,21:43:00,21362184346.21,1016544621994.0,19632318.0
2024-02-18,51661.97,52356.96,51233.71,52122.55,51795.34,0.89%,23:21:00,02:49:00,17595377310.88,1023243073518.32,19631487.0
2024-02-17,52161.68,52191.91,50669.67,51663.0,51430.79,-0.96%,00:02:00,14:49:00,20009091006.1,1014181383158.99,19630712.0
2024-02-16,51937.73,52537.97,51641.37,52160.2,52089.67,0.43%,14:01:00,09:11:00,28180567297.56,1023893671410.46,19629787.0
2024-02-15,51836.78,52820.07,51371.63,51938.56,52095.85,0.2%,14:52:00,22:00:00,38564360532.5,1019499948270.3,19628962.0
2024-02-14,49733.44,52021.37,49296.83,51826.7,50659.1,4.21%,14:38:00,04:37:00,39105608049.68,1017254026224.34,19627993.0
2024-02-13,49941.36,50358.39,48406.5,49742.44,49382.44,-0.4%,01:37:00,17:13:00,35593051468.37,976299863551.89,19627100.0
2024-02-12,48296.39,50280.48,47745.76,49958.22,49013.12,3.44%,21:15:00,10:08:00,34511985804.6,980490999415.43,19626218.0
2024-02-11,47768.97,48535.94,47617.41,48293.92,48076.68,1.1%,04:01:00,01:29:00,19315867135.91,947774152969.59,19625125.0
2024-02-10,47153.53,48146.17,46905.32,47771.28,47525.74,1.31%,20:48:00,10:54:00,16398681569.88,937476684153.25,19624275.0
2024-02-09,45297.38,48152.49,45260.82,47147.2,46706.66,4.08%,18:25:00,00:50:00,39316770843.67,925184504544.07,19623318.0
2024-02-08,44332.13,45575.84,44332.13,45301.57,44953.98,2.19%,20:18:00,00:00:00,26154524080.46,888921474480.5,19622312.0
2024-02-07,43090.02,44341.95,42775.96,44318.22,43558.96,2.85%,21:32:00,03:59:00,21126587774.95,869585299010.09,19621393.0
2024-02-06,42657.39,43344.15,42529.02,43084.67,42936.58,1.0%,16:31:00,01:05:00,16798476725.59,845338495831.28,19620400.0
2024-02-05,42577.62,43494.25,42264.82,42658.67,42879.54,0.19%,13:38:00,01:14:00,18715487317.32,836936067591.3,19619368.0
2024-02-04,42994.94,43097.64,42374.83,42583.58,42736.24,-0.96%,12:38:00,22:41:00,14802225490.25,835421763160.27,19618400.0
2024-02-03,43184.96,43359.94,42890.81,42992.25,43125.38,-0.45%,00:29:00,15:11:00,11169245236.24,843398823395.77,19617462.0
2024-02-02,43077.64,43422.49,42584.34,43185.86,43003.41,0.25%,16:06:00,13:51:00,18603843039.33,847154029604.95,19616468.0
2024-02-01,42569.76,43243.17,41879.19,43075.77,42561.18,1.19%,19:52:00,01:38:00,21423953779.18,844943939979.73,19615293.0
2024-01-31,42946.25,43717.4,42298.95,42582.61,43008.18,-0.85%,18:00:00,21:30:00,24673628793.16,835231465697.41,19614381.0
2024-01-30,43300.23,43838.95,42711.37,42952.61,43275.16,-0.8%,12:24:00,23:47:00,23842814517.72,842451754278.67,19613518.0
2024-01-29,42030.92,43305.87,41818.33,43288.25,42562.1,2.99%,23:49:00,14:52:00,20668476578.33,848995300207.95,19612606.0
2024-01-28,42126.13,42797.18,41696.91,42035.59,42247.04,-0.21%,05:20:00,20:16:00,16858971687.07,824387868796.11,19611662.0
2024-01-27,41815.63,42195.63,41431.28,42120.06,41813.46,0.73%,22:30:00,09:01:00,11422941934.26,826001135532.44,19610637.0
2024-01-26,39936.82,42209.39,39825.69,41816.87,41017.54,4.71%,20:14:00,01:11:00,25598119893.13,820011355201.19,19609581.0
2024-01-25,40075.55,40254.48,39545.66,39933.81,39900.07,-0.35%,11:30:00,17:18:00,18491782013.19,783046781497.74,19608618.0
2024-01-24,39877.6,40483.78,39508.8,40077.07,39996.29,0.5%,10:50:00,20:57:00,22359526178.02,785809931670.85,19607468.0
2024-01-23,39518.72,40127.35,38521.89,39845.55,39324.62,0.83%,04:27:00,14:24:00,29244553045.3,781234029910.6,19606556.0
2024-01-22,41553.65,41651.21,39450.12,39507.37,40550.66,-4.92%,01:05:00,19:44:00,31338708142.69,774565393660.75,19605593.0
2024-01-21,41671.49,41855.37,41497.01,41545.78,41676.19,-0.3%,14:17:00,23:32:00,9344043641.69,814488966035.62,19604612.0
2024-01-20,41624.59,41877.89,41446.82,41665.58,41662.35,0.1%,21:10:00,00:39:00,11586690904.11,816801167080.27,19603737.0
2024-01-19,41278.46,42134.16,40297.46,41618.41,41215.81,0.82%,20:15:00,17:11:00,25752407154.41,815839646533.36,19602856.0
2024-01-18,42742.31,42876.35,40631.17,41262.06,41753.76,-3.46%,08:03:00,20:37:00,25218357242.1,808819115627.1,19602006.0
2024-01-17,43132.1,43189.89,42189.31,42742.65,42689.6,-0.9%,01:29:00,17:06:00,20851232595.16,837804850463.55,19601143.0
2024-01-16,42499.34,43566.27,42086.0,43154.94,42826.13,1.54%,21:39:00,14:45:00,24062872739.52,845855247845.2,19600425.0
2024-01-15,41715.07,43319.72,41705.42,42511.97,42512.57,1.91%,18:47:00,00:02:00,22320220557.74,833216754804.02,19599581.0
2024-01-14,42842.26,43065.6,41724.61,41796.27,42395.1,-2.44%,09:59:00,23:55:00,17521429522.39,819159863482.62,19598875.0
2024-01-13,42799.45,43234.66,42464.14,42842.38,42849.4,0.1%,08:30:00,03:31:00,20601860468.7,839627405357.25,19598056.0
2024-01-12,46354.79,46498.13,41903.77,42853.17,44200.95,-7.55%,00:47:00,22:30:00,43332698900.4,839796421013.38,19597068.0
2024-01-11,46656.07,48969.37,45678.65,46368.59,47324.01,-0.62%,14:52:00,06:19:00,45833734549.23,908639958360.69,19596025.0
2024-01-10,46121.54,47647.22,44483.15,46627.78,46065.18,1.1%,23:20:00,13:01:00,50114613298.1,913669280076.61,19594956.0
2024-01-09,46987.64,47893.7,45244.72,46139.73,46569.21,-1.8%,21:15:00,21:27:00,39821290991.56,904067321453.05,19594118.0
2024-01-08,43948.71,47218.0,43244.08,46970.5,45231.04,6.88%,21:42:00,02:54:00,42746192015.18,920302445948.27,19593200.0
2024-01-07,43998.46,44495.57,43662.23,43943.1,44078.9,-0.13%,14:09:00,23:45:00,19330573863.32,860951836726.3,19592425.0
2024-01-06,44178.95,44227.63,43475.16,43989.19,43851.4,-0.43%,00:10:00,07:07:00,16092503467.55,861821994190.94,19591675.0
2024-01-05,44192.98,44353.29,42784.72,44162.69,43569.0,-0.07%,23:07:00,01:49:00,32336029346.8,865182724165.6,19590806.0
2024-01-04,42855.81,44770.02,42675.17,44179.92,43722.6,3.09%,22:22:00,01:26:00,30448091209.81,865482457123.12,19589950.0
2024-01-03,44961.6,45503.24,40813.53,42848.18,43158.38,-4.7%,09:40:00,12:10:00,46342323118.41,839345928378.25,19588837.0
2024-01-02,44187.14,45899.71,44176.95,44957.97,45038.33,1.74%,09:07:00,00:01:00,39335274535.93,880631637169.92,19587887.0
2024-01-01,42280.24,44175.44,42214.98,44167.33,43195.21,4.46%,23:53:00,06:02:00,18426978443.25,865106026911.1,19587012.0
2023-12-31,42152.1,42860.94,41998.26,42265.19,42429.6,0.27%,09:46:00,02:53:00,16397498809.56,827811209384.42,19586125.0
2023-12-30,42091.75,42584.12,41556.23,42156.9,42070.18,0.15%,16:18:00,09:45:00,16013925944.56,825646829609.94,19585093.0
2023-12-29,42614.64,43124.33,41424.06,42099.4,42274.2,-1.21%,14:43:00,22:21:00,26000021055.12,824484176968.87,19584225.0
2023-12-28,43468.2,43804.78,42318.55,42627.85,43061.66,-1.93%,00:39:00,16:28:00,22992093013.71,834791614273.2,19583243.0
2023-12-27,42518.47,43683.16,42167.58,43442.85,42925.37,2.17%,22:18:00,03:34:00,25260941031.66,850720785457.95,19582525.0
2023-12-26,43599.85,43603.18,41676.49,42520.4,42639.84,-2.48%,00:01:00,17:40:00,30026850981.84,832620130497.96,19581662.0
2023-12-25,43010.57,43765.09,42765.77,43613.14,43265.43,1.4%,13:03:00,00:44:00,21115795370.27,853982087896.47,19580843.0
2023-12-24,43728.37,43945.52,42786.92,43016.12,43366.22,-1.63%,04:13:00,22:17:00,18830554084.77,842253948410.3,19579962.0
2023-12-23,44012.2,44015.7,43351.36,43739.54,43683.53,-0.62%,00:02:00,04:13:00,13507796558.22,856371815373.69,19578893.0
2023-12-22,43868.99,44367.96,43441.97,43997.9,43904.96,0.29%,06:35:00,14:30:00,21028503216.23,861384314118.89,19577850.0
2023-12-21,43648.12,44240.67,43330.05,43869.15,43785.36,0.51%,13:56:00,02:51:00,22452766168.52,858819785954.74,19576850.0
2023-12-20,42261.3,44275.59,42223.82,43652.25,43249.7,3.29%,15:15:00,02:09:00,27868908174.14,854532316613.74,19575906.0
2023-12-19,42641.51,43354.3,41826.34,42270.53,42590.32,-0.87%,02:01:00,17:59:00,23171001281.0,827447113190.4,19575037.0
2023-12-18,41348.2,42720.3,40530.26,42623.54,41625.28,3.08%,21:49:00,10:38:00,25224642007.51,834312073585.64,19573975.0
2023-12-17,42236.11,42359.5,41274.54,41364.67,41817.02,-2.06%,17:15:00,23:38:00,16678702876.0,809628537784.36,19572950.0
2023-12-16,41937.74,42664.95,41723.11,42240.12,42194.03,0.72%,16:45:00,00:40:00,14386729589.96,826722808111.63,19571981.0
2023-12-15,43028.25,43087.82,41692.97,41929.76,42390.4,-2.55%,00:30:00,15:47:00,19639442461.7,820610949396.45,19571087.0
2023-12-14,42884.26,43390.86,41767.09,43023.97,42578.98,0.33%,17:49:00,13:31:00,25578530177.94,841983433932.16,19570100.0
2023-12-13,41468.47,43429.78,40676.87,42890.74,42053.32,3.43%,22:16:00,04:21:00,26797884673.86,839333709178.59,19569112.0
2023-12-12,41238.73,42048.3,40667.56,41450.22,41357.93,0.51%,08:49:00,18:00:00,24779520131.83,811106735270.16,19568212.0
2023-12-11,43792.02,43808.37,40234.58,41243.83,42021.48,-5.82%,00:10:00,19:42:00,40632672038.1,807028644888.58,19567256.0
2023-12-10,43728.38,44034.62,43593.28,43779.7,43813.95,0.12%,21:10:00,23:22:00,13000481418.42,856608048216.73,19566331.0
2023-12-09,44180.02,44361.26,43627.6,43725.99,43994.43,-1.03%,05:31:00,23:36:00,17368210171.26,855518589113.84,19565450.0
2023-12-08,43293.13,44705.52,43125.3,44166.6,43915.41,2.02%,21:26:00,10:21:00,24421116686.73,864097723185.33,19564506.0
2023-12-07,43769.13,44042.59,42880.65,43292.66,43461.62,-1.09%,04:40:00,09:28:00,27635760670.97,846962790499.37,19563656.0
2023-12-06,44080.02,44265.77,43478.08,43746.45,43871.92,-0.76%,14:29:00,11:35:00,29909761585.63,855807598358.2,19562906.0
2023-12-05,41986.26,44408.67,41421.15,44080.65,42914.91,4.99%,22:30:00,07:45:00,36312154534.7,862310043283.5,19562100.0
2023-12-04,39978.63,42371.75,39978.63,41980.1,41175.19,5.01%,22:20:00,00:00:00,39856129826.57,821180324321.75,19561181.0
2023-12-03,39472.21,40135.6,39298.17,39978.39,39716.88,1.28%,23:11:00,03:13:00,15769696321.58,781986059221.04,19560218.0
2023-12-02,38689.28,39678.94,38652.6,39476.33,39165.77,2.03%,21:54:00,00:32:00,15534035611.94,772125221563.13,19559193.0
2023-12-01,37718.01,38954.11,37629.36,38688.75,38291.74,2.57%,16:35:00,00:28:00,23512784001.94,756690015947.53,19558400.0
2023-11-30,37861.12,38141.75,37531.14,37712.75,37836.44,-0.39%,04:16:00,15:50:00,18115982627.42,737560917365.82,19557337.0
2023-11-29,37826.11,38366.11,37612.63,37858.49,37989.37,0.09%,08:58:00,15:14:00,20728546657.66,740379866134.15,19556506.0
2023-11-28,37247.99,38368.48,36891.09,37831.09,37629.79,1.57%,19:43:00,05:39:00,21696137014.15,739813120655.74,19555693.0
2023-11-27,37454.19,37559.35,36750.13,37254.17,37154.74,-0.53%,01:08:00,16:02:00,19002925719.53,728495474098.44,19554737.0
2023-11-26,37796.83,37820.3,37162.75,37479.12,37491.52,-0.84%,08:35:00,17:02:00,13744796068.31,732864171270.83,19553931.0
2023-11-25,37721.41,37892.43,37617.42,37796.79,37754.93,0.2%,20:05:00,11:44:00,9099571165.44,739040907499.57,19553006.0
2023-11-24,37296.32,38415.34,37261.61,37720.28,37838.48,1.14%,15:41:00,00:14:00,22922957822.74,737506220401.3,19551981.0
2023-11-23,37420.43,37643.92,36923.86,37289.62,37283.89,-0.35%,10:00:00,15:55:00,14214948217.22,729048665033.17,19550981.0
2023-11-22,35756.55,37856.98,35670.97,37432.34,36763.98,4.69%,21:32:00,00:01:00,24397247860.33,731805245915.84,19550081.0
2023-11-21,37469.16,37631.14,35813.81,35813.81,36722.48,-4.42%,02:01:00,23:59:00,25172163755.87,700129319722.62,19549143.0
2023-11-20,37374.07,37756.82,36882.53,37476.96,37319.68,0.28%,17:52:00,14:12:00,20888209067.56,732607478252.01,19548212.0
2023-11-19,36585.77,37509.36,36414.6,37386.55,36961.98,2.19%,23:43:00,14:16:00,12915986552.51,730802775303.56,19547212.0
2023-11-18,36625.37,36839.28,36233.31,36585.7,36536.3,-0.11%,16:13:00,07:05:00,11886022717.42,715107332423.29,19546087.0
2023-11-17,36164.82,36704.48,35901.24,36596.68,36302.86,1.19%,23:09:00,14:56:00,22445028429.93,715288296429.98,19545168.0
2023-11-16,37879.98,37934.63,35545.47,36154.77,36740.05,-4.55%,00:07:00,19:40:00,26007385365.73,706617161805.01,19544231.0
2023-11-15,35548.11,37964.89,35383.78,37880.58,36674.34,6.56%,23:57:00,02:20:00,27365821678.5,740312548128.35,19543325.0
2023-11-14,36491.79,36753.35,34948.5,35537.64,35850.93,-2.61%,08:19:00,18:54:00,23857403554.48,694491212462.29,19542412.0
2023-11-13,37070.31,37405.12,36399.61,36502.36,36902.37,-1.53%,01:18:00,21:37:00,19057712790.07,713311947480.48,19541531.0
2023-11-12,37133.99,37227.69,36779.12,37054.52,37003.4,-0.21%,15:46:00,00:50:00,11545715998.89,724074263172.69,19540781.0
2023-11-11,37310.07,37407.09,36773.67,37138.05,37090.38,-0.46%,00:30:00,22:15:00,13924272141.51,725668445884.77,19539756.0
2023-11-10,36702.25,37493.8,36362.76,37313.97,36928.28,1.67%,23:17:00,08:19:00,22711265155.03,729069481963.87,19538781.0
2023-11-09,35633.63,37926.26,35592.1,36693.12,36759.18,2.97%,14:54:00,00:07:00,37762672381.84,716902433922.7,19537787.0
2023-11-08,35419.48,35994.42,35147.8,35655.28,35571.11,0.67%,23:46:00,15:26:00,17295394917.86,696595346035.22,19536950.0
2023-11-07,35047.79,35892.42,34545.82,35443.56,35219.12,1.13%,20:58:00,12:13:00,18834737788.75,692425627404.3,19536006.0
2023-11-06,35044.79,35286.03,34765.36,35037.37,35025.7,-0.02%,10:40:00,05:31:00,12693436419.5,684460477854.1,19535156.0
2023-11-05,35090.01,35340.34,34594.24,35049.36,34967.29,-0.12%,23:05:00,21:53:00,12412743995.66,684667682720.63,19534387.0
2023-11-04,34736.32,35256.03,34616.69,35082.2,34936.36,1.0%,23:09:00,05:11:00,9561294263.72,685272381015.38,19533337.0
2023-11-03,34942.47,34942.47,34133.44,34732.33,34537.96,-0.6%,00:00:00,10:20:00,17158456701.46,678402411403.87,19532306.0
2023-11-02,35441.58,35919.84,34401.57,34938.24,35160.7,-1.42%,02:51:00,16:32:00,20998158544.23,682394289860.93,19531443.0
2023-11-01,34657.28,35527.93,34170.69,35437.25,34849.31,2.25%,21:05:00,14:57:00,22446272004.73,692109682986.45,19530568.0
2023-10-31,34500.08,34719.25,34083.31,34667.78,34401.28,0.49%,21:21:00,08:07:00,15758270810.39,677047621125.28,19529593.0
2023-10-30,34531.74,34843.94,34110.97,34502.36,34477.46,-0.09%,14:23:00,17:20:00,17184860315.15,673783741121.58,19528625.0
2023-10-29,34089.37,34743.26,33947.57,34538.48,34345.42,1.32%,18:31:00,04:05:00,11160323986.4,674455804209.68,19527662.0
2023-10-28,33907.72,34399.39,33874.8,34089.58,34137.1,0.54%,11:22:00,01:38:00,10160330824.97,665660534679.17,19526806.0
2023-10-27,34156.5,34238.21,33416.89,33909.8,33827.55,-0.72%,07:00:00,18:32:00,16418032871.14,662115721497.01,19525793.0
2023-10-26,34504.29,34832.91,33762.32,34156.65,34297.62,-1.01%,03:43:00,17:02:00,19427195375.76,666904079221.52,19524868.0
2023-10-25,33916.04,35133.76,33709.11,34502.82,34421.44,1.73%,16:17:00,07:47:00,25254318008.32,673629831821.37,19523906.0
2023-10-24,33077.3,35150.43,32880.76,33901.53,34015.6,2.49%,02:27:00,00:09:00,44934999644.84,661859706505.71,19523006.0
2023-10-23,30140.68,34370.44,30097.83,33086.23,32234.14,9.77%,22:43:00,01:03:00,38363572311.35,645916652811.37,19522218.0
2023-10-22,29918.66,30199.43,29720.31,29993.9,29959.87,0.25%,06:13:00,07:41:00,10446520039.78,585517392721.71,19521218.0
2023-10-21,29683.38,30287.48,29481.75,29918.41,29884.62,0.79%,18:02:00,03:13:00,11541146995.56,584015234381.83,19520262.0
2023-10-20,28732.81,30104.09,28601.67,29682.95,29352.88,3.31%,10:41:00,01:13:00,21536125230.44,579392054001.41,19519356.0
2023-10-19,28332.42,28892.47,28177.99,28719.81,28535.23,1.37%,16:25:00,01:47:00,14448058194.96,560568426319.13,19518531.0
2023-10-18,28413.53,28889.01,28174.25,28328.34,28531.63,-0.3%,04:58:00,14:38:00,12724128585.67,552901231268.14,19517600.0
2023-10-17,28522.1,28618.75,28110.19,28415.75,28364.47,-0.37%,17:01:00,04:08:00,14872527507.52,554581972707.2,19516712.0
2023-10-16,27162.63,29448.14,27130.47,28519.47,28289.3,5.0%,13:33:00,00:46:00,27833876539.05,556577526992.93,19515706.0
2023-10-15,26858.01,27289.17,26817.89,27159.65,27053.53,1.12%,22:12:00,13:06:00,7098201979.78,530017041635.81,19514868.0
2023-10-14,26866.2,26969.0,26814.59,26861.71,26891.8,-0.02%,03:38:00,21:30:00,5388116781.76,524174123665.75,19513806.0
2023-10-13,26752.88,27092.7,26686.32,26862.38,26889.51,0.41%,21:03:00,17:35:00,15165312851.42,524162174273.51,19512875.0
2023-10-12,26873.29,26921.44,26558.32,26756.8,26739.88,-0.43%,02:55:00,17:36:00,9392909295.17,522077986120.86,19511975.0
2023-10-11,27392.08,27474.12,26561.1,26873.32,27017.61,-1.89%,01:11:00,17:50:00,13648094333.06,524325019033.96,19510987.0
2023-10-10,27589.2,27715.85,27301.66,27391.02,27508.75,-0.72%,08:34:00,18:59:00,9973350678.17,534398434701.94,19509987.0
2023-10-09,27934.47,27989.47,27302.56,27583.68,27646.02,-1.26%,01:54:00,16:46:00,12007668568.18,538127916933.08,19508925.0
2023-10-08,27971.68,28102.17,27740.66,27935.09,27921.42,-0.13%,03:45:00,13:16:00,7916875289.67,544957531993.92,19507993.0
2023-10-07,27946.78,28028.09,27870.42,27968.84,27949.25,0.08%,09:02:00,00:27:00,6553044316.48,545589873920.51,19507062.0
2023-10-06,27412.12,28252.54,27215.55,27946.6,27734.04,1.95%,21:39:00,13:01:00,13492391598.97,545126652148.46,19506012.0
2023-10-05,27798.65,28091.86,27375.6,27415.91,27733.73,-1.38%,14:21:00,17:21:00,11877253669.95,534747363212.19,19505000.0
2023-10-04,27429.07,27826.66,27248.11,27799.39,27537.38,1.35%,19:12:00,00:41:00,11143355313.54,542203190963.03,19504137.0
2023-10-03,27508.25,27667.19,27216.0,27429.98,27441.6,-0.28%,06:52:00,20:07:00,11407814186.59,534975274335.57,19503306.0
2023-10-02,27976.8,28494.46,27347.79,27530.78,27921.12,-1.59%,14:00:00,21:55:00,19793041321.84,536912579985.45,19502262.0
2023-10-01,26967.4,28047.24,26965.09,27983.75,27506.16,3.77%,22:34:00,00:34:00,9503917434.43,545719315434.05,19501293.0
2023-09-30,26911.69,27091.8,26888.97,26967.92,26990.38,0.21%,15:47:00,02:35:00,5331172801.03,525885640459.76,19500418.0
2023-09-29,27024.84,27225.94,26721.76,26911.72,26973.85,-0.42%,07:40:00,14:10:00,10396435377.43,524766460979.21,19499550.0
2023-09-28,26355.81,27259.5,26327.32,27021.55,26793.41,2.53%,16:27:00,03:12:00,14079002707.33,526883682824.27,19498650.0
2023-09-27,26209.5,26817.84,26111.46,26352.72,26464.65,0.55%,12:04:00,18:08:00,11718380997.24,513818515485.06,19497743.0
2023-09-26,26294.76,26389.88,26090.71,26217.25,26240.3,-0.29%,03:43:00,15:48:00,9985498161.06,511151155986.8,19496750.0
2023-09-25,26253.78,26421.51,26011.47,26298.48,26216.49,0.17%,20:17:00,12:23:00,11997833256.53,512712185601.52,19495887.0
2023-09-24,26579.37,26716.06,26221.05,26256.83,26468.56,-1.21%,18:06:00,23:29:00,8192867685.97,511876976253.54,19495006.0
2023-09-23,26578.56,26634.19,26520.52,26579.39,26577.36,0.0%,18:18:00,04:06:00,7404700300.94,518140112048.32,19494056.0
2023-09-22,26564.06,26726.08,26495.53,26579.57,26610.8,0.06%,08:13:00,00:28:00,10578746708.52,518118003343.51,19493093.0
2023-09-21,27129.84,27152.94,26389.3,26567.63,26771.12,-2.07%,00:47:00,14:01:00,13371443707.65,517864270862.51,19492300.0
2023-09-20,27210.23,27379.51,26864.08,27132.01,27121.8,-0.29%,02:04:00,19:20:00,13281116603.72,528841974545.7,19491443.0
2023-09-19,26760.85,27488.76,26681.61,27211.12,27085.18,1.68%,15:37:00,00:31:00,13807690550.44,530358455132.04,19490506.0
2023-09-18,26532.99,27414.73,26415.52,26754.28,26915.12,0.83%,13:04:00,00:37:00,15615339654.79,521431894478.28,19489662.0
2023-09-17,26567.93,26618.0,26445.08,26534.19,26531.54,-0.13%,11:47:00,01:12:00,6774210669.73,517116820259.64,19488700.0
2023-09-16,26606.2,26754.77,26473.89,26568.28,26614.33,-0.14%,02:22:00,10:05:00,7402031416.6,517755173478.6,19487718.0
2023-09-15,26533.82,26840.5,26240.7,26608.69,26540.6,0.28%,23:09:00,15:00:00,11479735788.3,518517274733.03,19486762.0
2023-09-14,26228.28,26774.62,26171.45,26539.67,26473.04,1.19%,18:37:00,05:55:00,13811359124.32,517140816824.0,19485575.0
2023-09-13,25837.55,26376.11,25781.12,26228.32,26078.62,1.51%,16:30:00,00:07:00,13072077070.22,511047406839.26,19484562.0
2023-09-12,25160.66,26451.94,25133.08,25833.34,25792.51,2.67%,16:31:00,01:40:00,18657279324.05,503327969520.61,19483656.0
2023-09-11,25831.72,25883.95,24930.3,25162.66,25407.12,-2.59%,06:00:00,20:02:00,14600006466.65,490238023957.25,19482762.0
2023-09-10,25895.21,25978.13,25640.26,25832.23,25809.2,-0.24%,22:34:00,19:41:00,7899553047.41,503258420290.44,19481806.0
2023-09-09,25905.42,25921.98,25810.5,25895.68,25866.24,-0.04%,16:33:00,13:43:00,5481314132.31,504470470462.72,19480875.0
2023-09-08,26245.21,26414.01,25677.48,25905.65,26045.74,-1.29%,00:58:00,10:07:00,10817356399.67,504640503023.3,19479937.0
2023-09-07,25748.31,26409.3,25608.2,26240.19,26008.75,1.91%,22:53:00,14:01:00,11088307100.27,511135039200.57,19479087.0
2023-09-06,25783.93,25953.02,25404.36,25753.24,25678.69,-0.12%,17:56:00,17:06:00,12752705326.81,501626995525.47,19478212.0
2023-09-05,25814.96,25858.37,25589.99,25779.98,25724.18,-0.14%,15:22:00,03:24:00,11094740039.8,502126527593.99,19477381.0
2023-09-04,25968.17,26081.52,25657.03,25812.42,25869.28,-0.6%,03:21:00,22:01:00,10680635105.81,502737261224.55,19476568.0
2023-09-03,25869.47,26087.15,25817.03,25969.57,25952.09,0.39%,20:52:00,16:41:00,8962524522.99,505774022624.31,19475643.0
2023-09-02,25800.91,25970.28,25753.09,25868.8,25861.68,0.26%,15:41:00,03:22:00,10100387473.24,503786436420.87,19474675.0
2023-09-01,25934.02,26125.87,25362.61,25800.72,25744.24,-0.51%,12:24:00,17:42:00,17202862221.48,502435875823.55,19473712.0
2023-08-31,27301.93,27456.08,25752.93,25931.47,26604.5,-5.02%,11:43:00,21:09:00,20181001451.19,504957555550.64,19472768.0
2023-08-30,27726.08,27760.16,27069.21,27297.27,27414.68,-1.55%,00:21:00,15:04:00,16343655235.34,531528938704.34,19471875.0
2023-08-29,26102.49,28089.34,25912.63,27727.39,27000.98,6.23%,16:28:00,10:39:00,29368391711.99,539882481562.26,19471087.0
2023-08-28,26089.61,26198.58,25880.6,26106.15,26039.59,0.06%,12:29:00,07:46:00,11002805166.45,508288516574.2,19470068.0
2023-08-27,26008.24,26165.37,25965.1,26089.69,26065.24,0.31%,17:02:00,01:43:00,6913768611.22,507949530130.7,19469356.0
2023-08-26,26047.24,26107.38,25983.88,26008.46,26045.63,-0.15%,02:17:00,12:46:00,6034817316.31,506348824288.34,19468618.0
2023-08-25,26163.68,26248.1,25786.81,26047.67,26017.46,-0.44%,14:17:00,14:57:00,12406045117.51,507090156466.72,19467775.0
2023-08-24,26431.52,26554.91,25914.93,26162.37,26234.92,-1.02%,09:10:00,17:39:00,12871532023.01,509301597240.58,19466950.0
2023-08-23,26040.47,26786.9,25805.0,26431.64,26295.95,1.5%,19:49:00,13:13:00,16985265785.29,514519784075.08,19466056.0
2023-08-22,26130.75,26135.51,25520.73,26031.66,25828.12,-0.38%,00:11:00,21:27:00,14503820706.42,506709265107.93,19465118.0
2023-08-21,26188.69,26220.2,25846.09,26124.14,26033.14,-0.25%,21:36:00,15:29:00,13371557892.6,508487129875.96,19464262.0
2023-08-20,26096.86,26260.68,26004.32,26189.58,26132.5,0.36%,20:45:00,15:10:00,9036580419.74,509733936200.2,19463231.0
2023-08-19,26047.83,26249.45,25802.41,26096.2,26025.93,0.19%,17:00:00,07:03:00,10631443812.07,507889708783.63,19462206.0
2023-08-18,26636.08,26808.2,25668.92,26049.56,26238.56,-2.2%,00:13:00,17:08:00,24026236529.35,506957746773.53,19461281.0
2023-08-17,28699.8,28745.95,25409.11,26664.55,27077.53,-7.09%,00:15:00,21:45:00,31120851211.44,518904301900.92,19460456.0
2023-08-16,29169.07,29221.98,28701.78,28701.78,28961.88,-1.6%,02:06:00,23:59:00,14949271904.13,558522450868.28,19459506.0
2023-08-15,29408.05,29439.12,29088.85,29170.35,29263.98,-0.81%,15:04:00,19:12:00,12640195779.03,567610646871.25,19458481.0
2023-08-14,29283.26,29660.25,29124.11,29408.44,29392.18,0.43%,16:52:00,02:22:00,14013695304.04,572212182981.53,19457412.0
2023-08-13,29416.59,29441.43,29265.81,29282.91,29353.62,-0.45%,03:00:00,22:42:00,7329897179.69,569738074810.23,19456331.0
2023-08-12,29399.79,29465.11,29357.59,29415.96,29411.35,0.06%,16:35:00,03:45:00,6194358007.75,572302297645.31,19455500.0
2023-08-11,29424.9,29517.77,29253.52,29397.72,29385.64,-0.09%,14:48:00,16:45:00,10195168196.66,571917121193.64,19454475.0
2023-08-10,29563.97,29688.56,29354.45,29429.59,29521.5,-0.45%,14:02:00,17:33:00,11865344788.64,572509489793.69,19453531.0
2023-08-09,29766.7,30093.44,29376.8,29561.49,29735.12,-0.69%,13:01:00,20:06:00,18379521212.63,575052155346.9,19452743.0
2023-08-08,29180.02,30176.8,29113.81,29765.49,29645.3,2.01%,21:22:00,02:03:00,17570561357.26,578990356568.61,19451731.0
2023-08-07,29038.51,29244.28,28724.14,29180.58,28984.21,0.49%,21:31:00,16:18:00,13618163710.33,567589047795.07,19450918.0
2023-08-06,29043.7,29160.82,28963.83,29041.86,29062.32,-0.01%,21:20:00,16:10:00,7269806993.78,564864625278.2,19450018.0
2023-08-05,29075.39,29102.47,28957.8,29042.13,29030.14,-0.11%,00:48:00,12:51:00,6598366352.73,564840485745.58,19449006.0
2023-08-04,29174.38,29302.08,28885.34,29074.09,29093.71,-0.34%,13:49:00,20:51:00,12036639987.62,565434912959.96,19448068.0
2023-08-03,29161.81,29375.71,28959.49,29178.68,29167.6,0.06%,15:01:00,08:27:00,12780357745.55,567446140509.39,19447287.0
2023-08-02,29704.15,29988.0,28946.51,29151.96,29467.25,-1.86%,01:33:00,16:56:00,19212655598.47,566898832325.3,19446337.0
2023-08-01,29230.87,29675.73,28657.02,29675.73,29166.38,1.52%,23:59:00,15:31:00,18272392391.28,577056102933.27,19445387.0
2023-07-31,29278.31,29489.87,29131.58,29230.11,29310.72,-0.16%,00:50:00,20:05:00,11656781981.62,568365621732.67,19444525.0
2023-07-30,29357.09,29443.17,29059.5,29275.31,29251.34,-0.28%,15:04:00,20:03:00,8678454526.64,569216997017.29,19443587.0
2023-07-29,29319.45,29396.84,29264.17,29356.92,29330.5,0.13%,04:27:00,12:48:00,6481775958.74,570774442718.62,19442587.0
2023-07-28,29212.16,29521.51,29125.85,29319.25,29323.68,0.37%,15:23:00,08:11:00,11218474951.63,570017791145.4,19441762.0
2023-07-27,29353.8,29560.97,29099.35,29210.69,29330.16,-0.49%,09:56:00,18:40:00,10770779216.98,567881358904.56,19440875.0
2023-07-26,29225.76,29675.55,29113.91,29354.97,29394.73,0.44%,20:53:00,01:38:00,13497554655.35,570661758982.41,19440037.0
2023-07-25,29178.97,29353.16,29062.43,29227.39,29207.8,0.17%,18:41:00,01:45:00,10266772792.7,568155078548.47,19439131.0
2023-07-24,30081.66,30093.39,28934.29,29176.92,29513.84,-3.01%,00:26:00,15:11:00,15395817395.41,567148527546.04,19438262.0
2023-07-23,29790.11,30330.64,29741.53,30084.54,30036.08,0.99%,19:08:00,00:51:00,9220145049.89,584762966697.84,19437325.0
2023-07-22,29908.7,29991.62,29664.12,29771.8,29827.87,-0.46%,00:54:00,23:32:00,7873300597.52,578655924186.63,19436375.0
2023-07-21,29805.11,30046.0,29733.85,29908.74,29889.92,0.35%,18:39:00,00:38:00,10972789817.7,581292887481.78,19435550.0
2023-07-20,29915.25,30195.53,29638.1,29792.02,29916.82,-0.41%,06:30:00,18:31:00,14655207120.53,579003905761.26,19434868.0
2023-07-19,29862.05,30184.18,29794.27,29913.92,29989.22,0.17%,04:37:00,15:02:00,12128602811.7,581348679162.13,19434050.0
2023-07-18,30147.07,30233.66,29556.43,29856.56,29895.04,-0.96%,01:58:00,16:49:00,13138897269.16,580205937049.99,19433112.0
2023-07-17,30249.63,30336.4,29685.78,30145.89,30011.09,-0.34%,05:14:00,18:50:00,13240156074.07,585797549895.29,19432087.0
2023-07-16,30297.47,30437.56,30089.67,30249.13,30263.62,-0.16%,14:34:00,02:22:00,8516564469.72,587778068681.36,19431237.0
2023-07-15,30331.78,30407.78,30263.46,30295.81,30335.62,-0.12%,01:43:00,00:23:00,8011667755.87,588656416080.43,19430293.0
2023-07-14,31474.72,31582.25,29966.39,30334.07,30774.32,-3.62%,03:18:00,19:06:00,20917902659.76,589374459085.89,19429456.0
2023-07-13,30387.49,31814.51,30268.35,31476.05,31041.43,3.58%,19:32:00,04:12:00,23686079547.52,611535352757.7,19428593.0
2023-07-12,30622.25,30959.97,30228.84,30391.65,30594.4,-0.75%,12:31:00,19:37:00,14805659716.84,590443005305.01,19427806.0
2023-07-11,30417.63,30788.31,30358.1,30620.95,30573.2,0.67%,15:19:00,13:44:00,12151839151.9,594872050276.47,19426962.0
2023-07-10,30172.42,31026.08,29985.39,30414.47,30505.74,0.8%,20:08:00,00:18:00,14828209155.42,590834747693.02,19426106.0
2023-07-09,30291.61,30427.59,30085.59,30171.23,30256.59,-0.4%,14:37:00,22:11:00,7903327692.27,586079772336.97,19425118.0
2023-07-08,30346.92,30374.44,30080.16,30292.54,30227.3,-0.18%,02:53:00,19:25:00,7509378699.36,588404379630.2,19424068.0
2023-07-07,29908.0,30434.64,29777.28,30342.26,30105.96,1.45%,16:13:00,00:04:00,13384770154.9,589336655273.9,19422962.0
2023-07-06,30507.15,31460.05,29892.23,29909.34,30676.14,-1.96%,09:01:00,14:41:00,21129219508.8,580894851051.47,19421856.0
2023-07-05,30778.73,30877.33,30225.61,30514.17,30551.47,-0.86%,03:54:00,13:31:00,12481622279.55,592615228830.8,19420987.0
2023-07-04,31156.86,31325.2,30659.36,30777.58,30992.28,-1.22%,02:04:00,19:33:00,12810828427.35,597702171825.96,19420050.0
2023-07-03,30624.52,31375.61,30586.51,31156.44,30981.06,1.74%,19:52:00,12:20:00,15271884873.11,605031166919.12,19419137.0
2023-07-02,30587.27,30766.14,30264.02,30620.77,30515.08,0.11%,22:35:00,15:25:00,10533418042.02,594601955892.83,19418256.0
2023-07-01,30471.85,30641.29,30328.86,30590.08,30485.08,0.39%,15:03:00,04:31:00,9086606733.0,593974448099.12,19417225.0
2023-06-30,30441.35,31256.86,29600.28,30477.25,30428.57,0.12%,04:52:00,13:48:00,26387306196.78,591758288455.82,19416393.0
2023-06-29,30086.19,30796.25,30057.2,30445.35,30426.72,1.19%,13:19:00,00:53:00,13180860821.04,591107911061.22,19415375.0
2023-06-28,30696.56,30703.28,29921.82,30086.25,30312.55,-1.99%,00:01:00,19:32:00,14571500779.44,584108674470.97,19414475.0
2023-06-27,30274.32,31006.79,30236.65,30688.16,30621.72,1.37%,14:09:00,00:08:00,16428827943.78,595773660616.42,19413793.0
2023-06-26,30480.52,30636.03,29955.74,30271.13,30295.88,-0.69%,14:00:00,17:17:00,16493186997.21,587650439314.87,19412900.0
2023-06-25,30545.15,31041.27,30327.94,30480.26,30684.6,-0.21%,04:39:00,20:55:00,12703464114.44,591683600297.12,19412025.0
2023-06-24,30708.74,30804.15,30290.15,30548.69,30547.15,-0.52%,12:41:00,16:04:00,12147822495.52,592983006395.12,19411075.0
2023-06-23,29896.38,31389.54,29845.21,30695.47,30617.38,2.67%,16:15:00,02:12:00,24115570084.62,595803665519.79,19410150.0
2023-06-22,29995.94,30496.0,29679.16,29912.28,30087.58,-0.28%,02:58:00,14:54:00,20653160490.91,580578124574.23,19409356.0
2023-06-21,28311.31,30737.33,28283.41,30027.3,29510.37,6.06%,16:36:00,00:04:00,33346760979.13,582785323709.11,19408518.0
2023-06-20,26841.66,28388.97,26668.79,28327.49,27528.88,5.54%,23:55:00,14:30:00,22211859146.73,549771733917.47,19407712.0
2023-06-19,26335.44,26984.61,26312.83,26851.03,26648.72,1.96%,18:16:00,00:57:00,12826986222.15,521094554604.37,19406875.0
2023-06-18,26510.46,26675.93,26325.89,26336.21,26500.91,-0.66%,20:01:00,23:54:00,9565695128.64,511079706782.86,19405968.0
2023-06-17,26328.68,26769.39,26174.49,26510.68,26471.94,0.69%,05:42:00,02:09:00,11090276850.25,514442327519.51,19405100.0
2023-06-16,25575.28,26463.17,25245.36,26327.46,25854.26,2.94%,18:16:00,14:47:00,16324646965.41,510862345346.3,19404162.0
2023-06-15,25121.67,25735.31,24797.17,25576.39,25266.24,1.81%,21:34:00,11:18:00,15837384409.1,496264527631.0,19403225.0
2023-06-14,25920.26,26041.8,24902.15,25124.68,25471.98,-3.07%,02:01:00,20:50:00,14265717765.8,487476514345.28,19402300.0
2023-06-13,25902.94,26376.35,25728.37,25918.73,26052.36,0.06%,12:32:00,15:59:00,14143474486.27,502863816038.37,19401562.0
2023-06-12,25934.29,26087.92,25675.2,25902.5,25881.56,-0.12%,09:10:00,02:50:00,11677889997.4,502523702241.22,19400587.0
2023-06-11,25854.03,26203.44,25668.99,25940.17,25936.22,0.33%,20:12:00,04:24:00,10732609602.85,503230985845.05,19399681.0
2023-06-10,26481.76,26531.05,25501.84,25851.24,26016.44,-2.38%,01:12:00,17:04:00,19872933188.93,501477392550.51,19398581.0
2023-06-09,26505.92,26770.29,26339.32,26480.38,26554.8,-0.1%,13:25:00,02:25:00,11015551640.28,513657047934.28,19397650.0
2023-06-08,26347.65,26797.51,26246.66,26508.22,26522.08,0.61%,15:54:00,03:33:00,11904824295.26,514170400421.06,19396643.0
2023-06-07,27235.65,27332.18,26146.99,26346.0,26739.58,-3.27%,00:47:00,22:00:00,19530045081.91,510996613395.63,19395606.0
2023-06-06,25732.11,27313.82,25434.87,27238.78,26374.34,5.86%,23:29:00,12:15:00,21929670692.82,528291607015.54,19394831.0
2023-06-05,27123.11,27129.98,25445.17,25760.1,26287.57,-5.03%,00:11:00,19:28:00,21513292646.48,499587457194.46,19393850.0
2023-06-04,27075.12,27407.02,26968.22,27119.07,27187.62,0.16%,22:17:00,01:08:00,9360912318.14,525920232790.71,19393006.0
2023-06-03,27252.32,27317.05,26958.0,27075.13,27137.52,-0.65%,16:30:00,21:39:00,8385597470.09,525043616807.54,19392100.0
2023-06-02,26824.56,27303.86,26574.64,27249.59,26939.25,1.58%,22:41:00,00:39:00,14837414999.85,528404436446.27,19391281.0
2023-06-01,27218.41,27346.11,26671.72,26819.97,27008.92,-1.46%,00:17:00,03:05:00,14678970414.58,520044966564.46,19390212.0
2023-05-31,27700.53,27831.68,26866.45,27219.66,27349.06,-1.74%,01:27:00,16:09:00,15656371534.37,527773175252.01,19389412.0
2023-05-30,27745.12,28044.76,27588.5,27702.35,27816.63,-0.15%,10:38:00,16:18:00,13251081851.39,537106462875.19,19388481.0
2023-05-29,28075.59,28432.04,27563.88,27745.88,27997.96,-1.17%,00:25:00,17:07:00,15181308983.6,537924888418.9,19387556.0
2023-05-28,26871.16,28193.45,26802.75,28085.65,27498.1,4.52%,23:16:00,00:20:00,14545229578.02,544483610242.01,19386543.0
2023-05-27,26720.18,26888.88,26621.14,26868.35,26755.01,0.55%,23:42:00,13:58:00,7892015141.24,520858138785.14,19385562.0
2023-05-26,26474.18,26916.67,26343.95,26719.29,26630.31,0.93%,14:35:00,06:04:00,12711619225.45,517943916949.93,19384643.0
2023-05-25,26329.46,26591.52,25890.59,26476.21,26241.06,0.56%,19:12:00,01:28:00,13851122696.86,513207340509.25,19383718.0
2023-05-24,27224.6,27224.6,26106.58,26334.82,26665.59,-3.27%,00:00:00,15:10:00,16299104428.23,510440697384.33,19382731.0
2023-05-23,26855.96,27434.68,26816.18,27225.73,27125.43,1.38%,05:51:00,01:10:00,13697203142.64,527685629563.87,19381875.0
2023-05-22,26749.89,27045.74,26549.73,26851.28,26797.74,0.38%,13:51:00,02:06:00,11056770492.11,520401926578.4,19380900.0
2023-05-21,27118.42,27265.92,26706.92,26753.83,26986.42,-1.34%,00:59:00,21:25:00,8647416920.95,518489461930.79,19380012.0
2023-05-20,26888.84,27155.16,26843.28,27129.59,26999.22,0.9%,18:16:00,00:45:00,7044911360.48,525746096848.12,19379068.0
2023-05-19,26826.75,27128.62,26700.21,26890.13,26914.42,0.24%,15:22:00,15:35:00,11258983300.89,521083278041.79,19378237.0
2023-05-18,27401.65,27466.53,26415.1,26832.21,26940.82,-2.08%,12:17:00,17:58:00,15222938600.41,519935930271.57,19377306.0
2023-05-17,27035.47,27465.93,26600.14,27398.8,27033.04,1.34%,20:09:00,14:03:00,15140006925.18,530890147614.67,19376400.0
2023-05-16,27171.51,27299.3,26878.95,27036.65,27089.12,-0.5%,00:30:00,01:29:00,12732238815.9,523846408825.17,19375418.0
2023-05-15,26931.38,27646.35,26766.1,27192.69,27206.22,0.97%,17:18:00,00:53:00,14413231792.03,526844318152.29,19374481.0
2023-05-14,26788.97,27150.98,26661.35,26930.64,26906.16,0.53%,15:10:00,01:17:00,10014858959.48,521742220416.76,19373556.0
2023-05-13,26807.77,27030.48,26710.87,26784.08,26870.68,-0.09%,18:50:00,00:32:00,9999171605.08,518873704830.19,19372468.0
2023-05-12,26987.66,27055.65,25878.43,26804.99,26467.04,-0.68%,00:57:00,19:29:00,19313599897.31,519254029391.83,19371543.0
2023-05-11,27621.09,27621.94,26781.83,27000.79,27201.88,-2.25%,00:12:00,17:49:00,16724343943.18,523022981321.22,19370656.0
2023-05-10,27654.64,28322.69,26883.67,27621.76,27603.18,-0.12%,13:06:00,17:22:00,20656025025.55,535026153601.52,19369737.0
2023-05-09,27695.07,27821.4,27375.6,27658.77,27598.5,-0.13%,12:18:00,16:06:00,14128593255.78,535713623918.83,19368668.0
2023-05-08,28450.46,28663.27,27310.14,27694.27,27986.7,-2.66%,00:28:00,20:11:00,19122903752.39,536375393861.25,19367737.0
2023-05-07,28901.62,29157.52,28441.37,28454.98,28799.44,-1.55%,01:31:00,23:56:00,11301355486.45,551083296208.8,19366850.0
2023-05-06,29538.86,29820.13,28468.97,28904.62,29144.55,-2.15%,00:38:00,15:02:00,15913866714.47,559767467680.94,19366018.0
2023-05-05,28851.48,29668.91,28845.51,29534.38,29257.21,2.37%,17:05:00,00:18:00,17936566518.34,571935354879.7,19365068.0
2023-05-04,29031.3,29353.18,28694.04,28847.71,29023.61,-0.63%,10:38:00,18:32:00,15548678513.55,558617183940.51,19364350.0
2023-05-03,28680.49,29259.53,28178.39,29006.31,28718.96,1.14%,22:26:00,15:03:00,19122972518.31,561661086030.57,19363412.0
2023-05-02,28087.17,28881.3,27924.12,28680.54,28402.71,2.11%,19:12:00,05:07:00,16432924526.63,555325979264.04,19362468.0
2023-05-01,29227.1,29329.94,27680.79,28091.57,28505.36,-3.89%,00:50:00,20:59:00,18655599976.36,543900696259.74,19361706.0
2023-04-30,29245.52,29952.03,29114.02,29268.81,29533.02,0.08%,15:42:00,02:00:00,14652199272.27,566661285145.37,19360587.0
2023-04-29,29336.57,29452.46,29088.04,29248.49,29270.25,-0.3%,04:26:00,17:32:00,10662634332.91,566240497928.76,19359650.0
2023-04-28,29481.01,29572.79,28929.61,29340.26,29251.2,-0.48%,01:02:00,13:54:00,17544464887.25,567993007155.91,19358825.0
2023-04-27,28428.46,29871.55,28402.89,29473.79,29137.22,3.68%,18:46:00,00:02:00,27153445027.31,570550222405.71,19357887.0
2023-04-26,28300.06,29995.84,27324.55,28422.7,28660.2,0.43%,12:59:00,20:03:00,31854242019.49,550180352607.55,19357075.0
2023-04-25,27514.87,28371.08,27207.93,28307.6,27789.5,2.88%,22:05:00,08:24:00,17733373139.17,547928945542.45,19356250.0
2023-04-24,27591.73,27979.98,27070.85,27525.34,27525.42,-0.24%,01:20:00,16:56:00,17703288330.24,532766516006.96,19355493.0
2023-04-23,27816.14,27820.24,27400.31,27591.38,27610.28,-0.81%,00:01:00,18:51:00,12785446832.04,534020212996.71,19354600.0
2023-04-22,27265.9,27872.14,27169.57,27817.5,27520.86,2.02%,23:08:00,01:18:00,13125734602.38,538371205878.3,19353687.0
2023-04-21,28249.23,28349.97,27177.37,27276.91,27763.67,-3.44%,00:49:00,22:39:00,20759504329.87,527883377617.69,19352756.0
2023-04-20,28823.68,29076.4,28037.26,28245.99,28556.83,-2.0%,06:19:00,19:29:00,21340360359.79,546611911812.66,19351843.0
2023-04-19,30394.19,30411.05,28669.9,28822.68,29540.48,-5.17%,00:19:00,23:24:00,24571565420.76,557748035703.28,19351012.0
2023-04-18,29449.09,30470.3,29154.85,30397.55,29812.57,3.22%,12:23:00,01:16:00,19480529496.02,588197752221.23,19350168.0
2023-04-17,30317.15,30319.2,29275.37,29445.04,29797.28,-2.88%,00:02:00,15:41:00,17872186762.03,569735854496.74,19349125.0
2023-04-16,30315.98,30555.54,30157.83,30315.36,30356.68,-0.0%,19:33:00,01:13:00,12854816416.5,586546802552.23,19348175.0
2023-04-15,30490.75,30601.74,30245.88,30318.5,30423.81,-0.56%,00:28:00,17:37:00,11940685377.62,586582359795.4,19347343.0
2023-04-14,30409.56,31005.61,30044.5,30485.7,30525.06,0.25%,06:54:00,16:50:00,22659995079.31,589786626446.89,19346337.0
2023-04-13,29892.74,30539.85,29878.62,30399.07,30209.24,1.69%,18:16:00,00:20:00,17487721001.39,588084165990.41,19345468.0
2023-04-12,30231.58,30462.48,29725.57,30139.05,30094.02,-0.31%,12:36:00,15:14:00,18651929926.37,583034311648.57,19344637.0
2023-04-11,29653.68,30509.08,29609.3,30235.06,30059.19,1.96%,19:19:00,00:10:00,20121259843.07,584854674446.17,19343593.0
2023-04-10,28336.03,29771.46,28189.27,29652.98,28980.36,4.65%,23:15:00,13:58:00,19282400094.3,573568312635.13,19342687.0
2023-04-09,27952.37,28532.83,27828.48,28333.05,28180.66,1.36%,22:07:00,14:22:00,12175322950.95,548015190714.46,19341906.0
2023-04-08,27920.51,28159.86,27883.39,27947.79,28021.62,0.1%,05:57:00,00:55:00,9373255556.0,540536533674.58,19340937.0
2023-04-07,28038.97,28111.59,27794.03,27925.86,27952.81,-0.4%,00:57:00,07:57:00,10861680497.27,540086456069.02,19340012.0
2023-04-06,28175.23,28178.38,27738.76,28044.14,27958.57,-0.47%,00:01:00,10:38:00,13837809380.28,542349825341.83,19339150.0
2023-04-05,28169.73,28739.24,27843.76,28177.98,28291.5,0.03%,02:38:00,16:17:00,17052315986.14,544910072721.85,19338150.0
2023-04-04,27795.27,28433.74,27681.31,28168.09,28057.52,1.34%,11:09:00,00:38:00,15284538858.55,544693901827.85,19337268.0
2023-04-03,28183.08,28475.62,27276.72,27790.22,27876.17,-1.39%,10:31:00,21:02:00,19556501326.93,537360742269.69,19336325.0
2023-04-02,28462.84,28518.96,27884.09,28199.31,28201.52,-0.93%,03:40:00,22:20:00,12284641999.34,545245950698.05,19335437.0
2023-04-01,28473.33,28802.46,28297.17,28411.03,28549.82,-0.22%,02:02:00,15:04:00,10876469900.68,549318113504.07,19334537.0
2023-03-31,28032.26,28639.9,27583.72,28478.48,28111.81,1.59%,14:52:00,07:48:00,19001327597.88,550593053896.62,19333650.0
2023-03-30,28350.14,29159.9,27720.16,28033.56,28440.03,-1.12%,02:41:00,18:11:00,22435349950.56,541964802720.42,19332712.0
2023-03-29,27267.03,28619.54,27259.66,28348.44,27939.6,3.97%,08:38:00,00:49:00,20684945905.97,548025510532.62,19331768.0
2023-03-28,27132.89,27460.72,26677.82,27268.13,27069.27,0.5%,20:01:00,10:55:00,17783600384.84,527117850100.66,19330912.0
2023-03-27,27994.07,28037.93,26606.69,27139.89,27322.31,-3.05%,00:53:00,15:12:00,18188895177.73,524615890807.42,19330068.0
2023-03-26,27495.52,28178.14,27445.05,27994.33,27811.6,1.81%,13:59:00,00:18:00,13878363191.96,541106062437.58,19329131.0
2023-03-25,27487.34,27791.83,27196.23,27494.71,27494.03,0.03%,15:52:00,20:03:00,13383005987.37,531424045822.58,19328231.0
2023-03-24,28324.11,28388.44,27039.27,27493.29,27713.86,-2.93%,00:25:00,21:36:00,25980310960.02,531370969956.36,19327300.0
2023-03-23,27301.96,28729.84,27183.36,28333.97,27956.6,3.78%,15:18:00,01:53:00,24220433689.12,547590658474.12,19326293.0
2023-03-22,28158.72,28803.34,26760.0,27307.44,27781.67,-3.02%,18:06:00,20:00:00,33382021889.86,527720639354.35,19325162.0
2023-03-21,27768.39,28439.56,27439.65,28175.82,27939.61,1.47%,16:54:00,07:14:00,36102192830.48,544473344614.66,19324137.0
2023-03-20,28041.6,28527.72,27242.88,27767.24,27885.3,-0.98%,09:05:00,03:54:00,44774027663.55,536553055078.31,19323243.0
2023-03-19,26969.5,28440.56,26907.72,28038.67,27674.14,3.96%,20:12:00,07:12:00,37769448858.69,541771324421.11,19322287.0
2023-03-18,27448.12,27725.95,26636.26,26965.88,27181.1,-1.76%,01:06:00,16:32:00,35723036817.12,521018360376.26,19321393.0
2023-03-17,25055.12,27787.81,24955.17,27423.93,26371.49,9.45%,22:49:00,00:40:00,50730261335.05,529839581714.46,19320337.0
2023-03-16,24373.46,25190.33,24225.11,25052.79,24707.72,2.79%,19:26:00,01:20:00,33866061746.62,484005642386.83,19319431.0
2023-03-15,24770.93,25240.62,23964.91,24375.96,24602.76,-1.59%,13:23:00,17:05:00,43655701450.2,470908667056.64,19318568.0
2023-03-14,24201.77,26514.72,24081.18,24746.07,25297.95,2.25%,13:05:00,00:15:00,54622230163.97,478037073214.71,19317693.0
2023-03-13,22156.41,24550.84,21918.2,24197.53,23234.52,9.21%,15:32:00,10:19:00,49466362688.47,467417380966.85,19316737.0
2023-03-12,20628.03,22185.03,20448.81,22163.95,21316.92,7.45%,23:58:00,07:49:00,29279035521.01,428114557464.91,19315806.0
2023-03-11,20187.88,20792.53,20068.66,20632.41,20430.6,2.2%,05:59:00,12:56:00,30180288175.61,398509689462.45,19314743.0
2023-03-10,20367.0,20370.6,19628.25,20187.24,19999.42,-0.88%,00:03:00,11:25:00,39578257695.31,389890609883.9,19313712.0
2023-03-09,21720.08,21802.72,20210.31,20363.02,21006.52,-6.25%,03:42:00,21:01:00,30364664170.83,393268847887.5,19312893.0
2023-03-08,22216.44,22268.9,21708.05,21718.08,21988.48,-2.24%,00:23:00,23:43:00,22536575684.49,419421447158.25,19312087.0
2023-03-07,22428.32,22527.42,22011.26,22219.77,22269.34,-0.93%,03:07:00,21:25:00,22765452203.97,429090671120.0,19311212.0
2023-03-06,22436.82,22584.29,22331.31,22429.76,22457.8,-0.03%,16:05:00,05:07:00,17353192895.19,433122543176.49,19310175.0
2023-03-05,22354.14,22613.69,22307.14,22435.51,22460.42,0.36%,01:49:00,02:41:00,13317001732.58,433216160786.45,19309393.0
2023-03-04,22362.92,22405.18,22198.98,22353.35,22302.08,-0.04%,06:35:00,20:49:00,11166012913.03,431607268094.04,19308393.0
2023-03-03,23476.63,23479.35,22213.24,22362.68,22846.3,-4.74%,00:04:00,21:22:00,26062404610.39,431765463285.53,19307412.0
2023-03-02,23647.02,23739.14,23245.02,23475.47,23492.08,-0.73%,00:24:00,14:23:00,20386398516.25,453226586695.74,19306393.0
2023-03-01,23150.93,23880.63,23088.63,23646.55,23484.63,2.14%,09:01:00,00:57:00,24662841199.56,456508161672.8,19305487.0
2023-02-28,23521.84,23585.38,23077.65,23147.35,23331.52,-1.59%,16:10:00,21:44:00,20535363433.98,446846764116.35,19304443.0
2023-02-27,23561.45,23857.89,23205.88,23522.87,23531.88,-0.16%,15:11:00,18:35:00,22660763494.22,454075216419.73,19303562.0
2023-02-26,23174.15,23654.37,23084.22,23561.21,23369.3,1.67%,20:46:00,02:20:00,16644534841.91,454795165822.83,19302706.0
2023-02-25,23200.13,23210.21,22861.56,23175.38,23035.88,-0.11%,00:31:00,20:50:00,16100721565.07,447323985682.72,19301693.0
2023-02-24,23946.01,24103.7,23007.07,23198.13,23555.38,-3.12%,01:19:00,19:46:00,26811744927.57,447747058643.64,19301000.0
2023-02-23,24190.72,24572.09,23693.92,23947.49,24133.0,-1.01%,03:05:00,12:08:00,30476264066.0,462189287816.46,19300112.0
2023-02-22,24437.42,24472.34,23644.32,24188.84,24058.33,-1.02%,00:10:00,17:16:00,30199996780.9,466821375594.42,19299037.0
2023-02-21,24833.05,25126.85,24200.36,24436.35,24663.6,-1.6%,08:30:00,22:06:00,31252098713.68,471577656114.25,19298200.0
2023-02-20,24336.62,25020.46,23927.91,24829.15,24474.18,2.02%,15:10:00,01:16:00,28987376572.9,479132405758.14,19297175.0
2023-02-19,24640.03,25093.06,24327.64,24327.64,24710.35,-1.27%,16:16:00,23:59:00,25555105669.92,469431477134.26,19296218.0
2023-02-18,24565.3,24798.84,24468.37,24641.28,24633.6,0.31%,18:16:00,11:01:00,19625427157.74,475459130854.86,19295231.0
2023-02-17,23621.28,24924.04,23460.76,24565.6,24192.4,4.0%,20:26:00,00:04:00,41358451254.72,473972409615.04,19294150.0
2023-02-16,24307.35,25134.12,23602.52,23623.47,24368.32,-2.81%,16:06:00,23:55:00,39316664596.38,455770787833.36,19293131.0
2023-02-15,22220.59,24307.84,22082.77,24307.84,23195.3,9.39%,23:59:00,02:52:00,32483312909.3,468947166603.22,19292012.0
2023-02-14,21801.82,22293.14,21632.39,22220.8,21962.76,1.92%,15:16:00,14:33:00,26792596580.6,428662088256.18,19291025.0
2023-02-13,21787.0,21898.41,21460.09,21808.1,21679.25,0.1%,07:25:00,17:57:00,23918742607.37,420678828415.31,19290025.0
2023-02-12,21870.9,22060.99,21682.83,21788.2,21871.91,-0.38%,16:41:00,22:10:00,17821046405.57,420274300806.28,19289075.0
2023-02-11,21651.84,21891.41,21618.45,21870.87,21754.93,1.01%,23:35:00,00:16:00,16356226232.0,421847190488.29,19288081.0
2023-02-10,21819.01,21941.19,21539.39,21651.18,21740.29,-0.77%,03:00:00,21:46:00,27078406593.87,417588395181.59,19287093.0
2023-02-09,22946.57,22996.44,21773.97,21819.04,22385.2,-4.91%,01:03:00,22:58:00,32572572185.34,420806214870.32,19286193.0
2023-02-08,23263.42,23367.96,22731.1,22939.4,23049.53,-1.39%,01:17:00,16:28:00,25371367757.61,442391167095.22,19285212.0
2023-02-07,22757.27,23310.98,22756.26,23264.29,23033.62,2.23%,18:02:00,00:02:00,27187964470.79,448636152158.08,19284325.0
2023-02-06,22954.02,23119.28,22692.03,22760.11,22905.66,-0.84%,16:23:00,23:22:00,23825006541.98,438893838655.36,19283468.0
2023-02-05,23332.25,23423.44,22841.76,22955.67,23132.6,-1.61%,08:43:00,19:29:00,19564262605.21,442642331535.6,19282487.0
2023-02-04,23446.32,23556.95,23291.8,23331.85,23424.38,-0.49%,13:21:00,05:29:00,15639298538.02,449874457148.45,19281562.0
2023-02-03,23469.41,23678.1,23279.96,23449.32,23479.03,-0.09%,16:37:00,20:07:00,27083066007.24,452119476083.72,19280706.0
2023-02-02,23720.82,24167.21,23468.6,23471.87,23817.9,-1.05%,01:01:00,23:58:00,32066936882.0,452534728124.07,19279875.0
2023-02-01,23137.84,23764.54,22877.75,23723.77,23321.14,2.53%,22:25:00,19:35:00,26683255504.12,457370104397.91,19278981.0
2023-01-31,22840.8,23225.02,22765.57,23139.28,22995.3,1.31%,22:55:00,00:39:00,22837828665.18,446082285297.19,19278137.0
2023-01-30,23774.65,23789.35,22657.58,22840.14,23223.46,-3.93%,00:14:00,22:43:00,27205595568.34,440298767854.8,19277412.0
2023-01-29,23031.45,23919.89,22985.07,23774.57,23452.48,3.23%,19:49:00,00:20:00,27423687259.16,458291157032.27,19276531.0
2023-01-28,23079.96,23165.9,22908.85,23031.09,23037.38,-0.21%,00:46:00,13:22:00,14712928379.05,443936922524.46,19275550.0
2023-01-27,23030.72,23417.72,22654.59,23078.73,23036.16,0.21%,20:10:00,02:02:00,25383335641.41,444830940521.37,19274500.0
2023-01-26,23108.95,23237.08,22911.37,23032.78,23074.22,-0.33%,01:06:00,16:13:00,26357839322.09,443923229458.15,19273543.0
2023-01-25,22639.27,23722.1,22406.08,23117.86,23064.09,2.11%,22:08:00,01:31:00,30685366708.98,445539806080.32,19272537.0
2023-01-24,22929.63,23134.01,22549.74,22636.47,22841.88,-1.28%,06:09:00,23:23:00,26405069714.63,436237993963.62,19271468.0
2023-01-23,22721.09,23126.49,22654.3,22934.43,22890.4,0.94%,18:41:00,15:01:00,26518700511.88,441960667796.84,19270618.0
2023-01-22,22777.99,23056.73,22387.9,22720.42,22722.32,-0.25%,15:19:00,21:22:00,24746386230.08,437814457018.41,19269650.0
2023-01-21,22677.43,23282.35,22511.83,22777.63,22897.09,0.44%,19:56:00,00:19:00,32442278429.47,438896650641.24,19268762.0
2023-01-20,21085.37,22692.36,20919.13,22676.55,21805.75,7.55%,23:23:00,08:34:00,28799154319.0,436928964721.29,19267875.0
2023-01-19,20686.75,21163.01,20685.38,21086.79,20924.2,1.93%,20:28:00,00:01:00,21152848260.91,406279900295.03,19267031.0
2023-01-18,21161.05,21564.5,20541.54,20688.78,21053.02,-2.23%,14:23:00,16:47:00,30005625417.91,398593008037.23,19266143.0
2023-01-17,21175.83,21438.66,20978.53,21161.52,21208.6,-0.07%,14:26:00,01:23:00,24999983362.13,407681958151.49,19265250.0
2023-01-16,20882.22,21360.87,20715.75,21169.63,21038.31,1.38%,20:36:00,15:16:00,26792494049.72,407818156777.17,19264300.0
2023-01-15,20977.48,20993.75,20606.99,20880.8,20800.37,-0.46%,17:29:00,09:13:00,19298407543.31,402234665331.34,19263375.0
2023-01-14,19910.54,21075.14,19907.83,20976.3,20491.48,5.35%,14:37:00,00:04:00,38967784639.05,404052157141.45,19262318.0
2023-01-13,18868.91,19964.32,18753.16,19909.57,19358.74,5.52%,22:44:00,00:46:00,29225029693.63,383483154873.96,19261243.0
2023-01-12,17944.07,19030.09,17919.23,18869.59,18474.66,5.16%,21:01:00,00:03:06,34971338710.34,363433455081.14,19260275.0
2023-01-11,17446.36,17987.63,17337.99,17943.9,17662.81,2.85%,23:38:06,15:58:00,18307186523.32,346303640718.24,19299243.0
2023-01-10,17192.95,17484.72,17162.99,17446.29,17323.86,1.47%,21:44:00,02:43:00,15808338948.79,335987993694.35,19258418.0
2023-01-09,17093.99,17389.96,17093.99,17196.55,17241.97,0.6%,18:34:00,00:00:00,18624736865.86,331160060320.4,19257350.0
2023-01-08,16954.15,17091.14,16924.05,17091.14,17007.6,0.81%,23:59:00,00:43:00,9768827914.24,329114546384.43,19256437.0
2023-01-07,16952.12,16975.02,16914.19,16955.08,16944.6,0.02%,01:04:00,12:13:00,7714767174.32,326478273136.7,19255487.0
2023-01-06,16836.47,16991.99,16716.42,16951.97,16854.21,0.69%,20:19:00,13:14:00,14413662912.72,326401273258.71,19254475.0
2023-01-05,16863.47,16884.02,16790.28,16836.74,16837.15,-0.16%,00:21:00,14:04:00,13692758566.46,324163886549.58,19253368.0
2023-01-04,16680.2,16964.59,16667.76,16863.24,16816.18,1.1%,18:55:00,00:50:00,18421743322.29,324658229824.73,19252425.0
2023-01-03,16688.85,16760.45,16622.37,16679.86,16691.41,-0.05%,06:32:00,17:48:00,13903079206.51,321111951654.75,19251481.0
2023-01-02,16625.51,16759.34,16572.23,16688.47,16665.78,0.38%,08:19:00,01:19:00,12097775226.69,321262452550.73,19250562.0
2023-01-01,16547.91,16630.44,16521.23,16625.08,16575.84,0.47%,23:18:00,09:10:00,9244361699.89,320025834692.4,19249581.0
2022-12-31,16603.67,16628.99,16517.52,16547.5,16573.26,-0.34%,14:32:00,23:13:00,11239186456.23,318516317872.25,19248612.0
2022-12-30,16641.33,16643.43,16408.48,16602.59,16525.96,-0.23%,00:45:00,14:52:00,15929162909.56,319559502979.58,19247575.0
2022-12-29,16552.32,16651.76,16508.68,16642.34,16580.22,0.54%,15:13:00,02:33:00,14472237478.79,320309344585.85,19246650.0
2022-12-28,16716.4,16768.17,16497.56,16552.57,16632.86,-0.98%,15:06:00,21:43:00,17005713920.05,318567071312.32,19245775.0
2022-12-27,16919.29,16959.85,16642.07,16717.17,16800.96,-1.19%,00:14:00,19:20:00,15748580239.21,321717198701.45,19244712.0
2022-12-26,16842.25,16920.12,16812.37,16919.81,16866.24,0.46%,23:58:00,16:04:00,11886957803.69,325604307791.2,19243975.0
2022-12-25,16847.51,16860.55,16755.25,16841.99,16807.9,-0.03%,02:03:00,19:28:00,11656379938.06,324093186300.93,19243168.0
2022-12-24,16796.98,16864.7,16793.53,16847.76,16829.11,0.3%,19:16:00,00:06:00,9744636213.3,324190184505.64,19242337.0
2022-12-23,16829.64,16905.22,16794.46,16796.95,16849.84,-0.19%,13:49:00,01:05:00,15329265212.56,323203056785.65,19241768.0
2022-12-22,16818.38,16866.67,16592.41,16830.34,16729.54,0.07%,09:47:00,18:05:00,16441573050.1,323831438044.37,19240931.0
2022-12-21,16904.53,16916.8,16755.91,16817.53,16836.36,-0.51%,00:10:00,20:13:00,14882945044.81,323570505189.58,19240068.0
2022-12-20,16441.79,17012.98,16427.87,16906.31,16720.42,2.83%,15:34:00,00:15:00,22722096614.76,325263465984.55,19239181.0
2022-12-19,16759.04,16807.53,16398.14,16439.68,16602.84,-1.91%,00:32:00,22:37:00,17221074813.55,316271488936.78,19238300.0
2022-12-18,16795.61,16815.39,16697.82,16757.98,16756.6,-0.22%,23:16:00,15:16:00,10924354698.17,322379914497.22,19237400.0
2022-12-17,16646.98,16800.59,16614.03,16795.09,16707.31,0.89%,23:57:00,02:29:00,14463581825.22,323078968931.9,19236512.0
2022-12-16,17364.55,17505.53,16584.7,16647.48,17045.11,-4.13%,08:03:00,23:35:00,24031608959.5,320225997953.71,19235700.0
2022-12-15,17813.64,17846.74,17322.59,17364.86,17584.66,-2.52%,00:34:00,23:41:00,20964448340.77,334010450284.36,19234843.0
2022-12-14,17782.07,18318.53,17652.1,17652.1,17985.31,-0.73%,18:58:00,01:59:00,25900123362.05,339521782853.53,19233975.0
2022-12-13,17206.44,17930.09,17111.76,17781.32,17520.92,3.34%,14:23:00,07:22:00,26634741631.05,341988994228.35,19233050.0
2022-12-12,17102.5,17212.56,16899.39,17206.44,17055.97,0.61%,23:53:00,03:05:00,19617581340.83,330914961275.37,19232043.0
2022-12-11,17129.71,17245.64,17091.82,17104.19,17168.73,-0.15%,19:13:00,23:48:00,14122486832.21,328933297475.65,19231150.0
2022-12-10,17134.22,17216.83,17120.68,17128.72,17168.76,-0.03%,16:04:00,23:53:00,12706781968.8,329389313682.63,19230231.0
2022-12-09,17232.15,17280.55,17100.84,17133.15,17190.7,-0.57%,12:43:00,21:36:00,20328426366.41,329458400093.47,19229293.0
2022-12-08,16847.35,17267.92,16788.78,17233.47,17028.35,2.29%,20:06:00,11:49:00,20496603769.86,331370511897.98,19228306.0
2022-12-07,17089.51,17109.38,16750.56,16848.13,16929.97,-1.41%,00:43:00,08:06:00,19675404388.75,323943465219.08,19227268.0
2022-12-06,16975.24,17091.86,16939.92,17089.5,17015.89,0.67%,23:37:00,18:34:00,19889922369.03,328566216152.49,19226200.0
2022-12-05,17128.89,17378.15,16922.43,16974.83,17150.29,-0.9%,05:09:00,19:35:00,22209086834.09,326346115859.9,19225300.0
2022-12-04,16908.17,17157.77,16903.44,17130.49,17030.6,1.31%,23:35:00,00:02:00,16824520830.08,329323845088.74,19224431.0
2022-12-03,17090.1,17116.04,16888.14,16908.24,17002.09,-1.06%,00:07:00,22:47:00,16217776703.79,325037180854.75,19223600.0
2022-12-02,16968.68,17088.66,16877.88,17088.66,16983.27,0.71%,23:59:00,14:09:00,19539705127.46,328491679165.28,19222787.0
2022-12-01,17168.0,17197.5,16888.39,16967.13,17042.94,-1.17%,13:35:00,21:10:00,22895392882.21,326142124579.08,19221993.0
2022-11-30,16445.48,17190.94,16445.48,17168.57,16818.21,4.4%,23:46:00,00:00:00,29523576583.08,329997633644.39,19221037.0
2022-11-29,16217.64,16522.26,16139.4,16444.98,16330.83,1.4%,11:25:00,00:20:00,23581685467.5,316074930082.57,19220143.0
2022-11-28,16440.22,16482.93,16054.53,16217.32,16268.73,-1.36%,00:28:00,16:22:00,27743025156.05,311686396568.46,19219350.0
2022-11-27,16463.88,16594.41,16437.03,16444.63,16515.72,-0.12%,22:08:00,23:46:00,20443898508.94,316040534591.72,19218468.0
2022-11-26,16521.58,16666.86,16416.23,16464.28,16541.54,-0.35%,01:29:00,22:50:00,18000008764.22,316404791284.87,19217650.0
2022-11-25,16602.27,16603.32,16388.4,16521.84,16495.86,-0.48%,00:09:00,06:02:00,18678255975.67,317499392769.32,19216950.0
2022-11-24,16611.64,16771.48,16501.77,16604.47,16636.62,-0.04%,02:04:00,14:22:00,26129037414.48,319074189335.14,19216168.0
2022-11-23,16195.59,16638.19,16170.5,16610.71,16404.34,2.56%,19:07:00,01:08:00,32958875628.23,319180537510.23,19215350.0
2022-11-22,15782.3,16253.05,15656.61,16189.77,15954.83,2.58%,16:04:00,07:04:00,30726828760.3,311078520948.59,19214512.0
2022-11-21,16291.22,16291.22,15599.05,15787.28,15945.13,-3.09%,00:00:00,21:53:00,37429485517.93,303332140406.92,19213700.0
2022-11-20,16712.92,16746.78,16248.69,16291.83,16497.74,-2.52%,01:05:00,22:05:00,21313378651.69,313012826679.9,19212868.0
2022-11-19,16696.22,16797.88,16570.41,16711.55,16684.14,0.09%,22:41:00,05:23:00,16106223491.51,321061621175.61,19211962.0
2022-11-18,16687.91,16947.06,16564.61,16697.78,16755.84,0.06%,01:04:00,18:25:00,26862218608.57,320781106962.52,19211006.0
2022-11-17,16670.43,16726.44,16460.68,16687.52,16593.56,0.1%,01:18:00,04:13:00,27868914021.95,320570440520.86,19210193.0
2022-11-16,16884.34,16960.3,16430.11,16669.44,16695.21,-1.27%,03:44:00,16:04:00,33925512988.62,320208159886.93,19209293.0
2022-11-15,16617.48,17051.96,16542.55,16884.61,16797.25,1.61%,15:46:00,01:04:00,36599436182.62,324326299579.98,19208393.0
2022-11-14,16352.03,17109.32,15872.94,16618.2,16491.13,1.63%,13:31:00,06:01:00,49630243054.06,319192915033.18,19207431.0
2022-11-13,16799.72,16920.77,16320.64,16353.37,16620.71,-2.66%,04:07:00,23:47:00,27209183682.26,314093257178.25,19206643.0
2022-11-12,17036.88,17066.68,16651.77,16799.18,16859.22,-1.4%,00:04:00,05:56:00,29717699419.42,322642084634.09,19205818.0
2022-11-11,17583.25,17650.94,16543.48,17034.29,17097.21,-3.12%,01:22:00,14:32:00,55871616488.33,327139766936.22,19204775.0
2022-11-10,15883.16,18054.31,15834.02,17586.77,16944.16,10.73%,21:01:00,00:05:00,83202283720.96,337735690619.8,19203962.0
2022-11-09,18543.76,18590.46,15682.69,15880.78,17136.58,-14.36%,00:34:00,23:38:00,102905151606.28,304958504278.2,19202993.0
2022-11-08,20600.67,20664.61,17603.54,18541.27,19134.08,-10.0%,02:31:00,19:35:00,118992465606.57,356030188152.67,19202037.0
2022-11-07,20924.62,21053.25,20489.97,20602.82,20771.61,-1.54%,02:18:00,22:33:00,53510852236.18,395596352770.07,19201081.0
2022-11-06,21285.06,21345.38,20920.19,20926.49,21132.78,-1.68%,00:41:00,23:58:00,35082693210.3,401792318391.34,19200181.0
2022-11-05,21144.83,21446.89,21097.64,21282.69,21272.26,0.65%,04:22:00,00:18:00,37846047609.23,408613690153.42,19199343.0
2022-11-04,20208.77,21209.56,20188.02,21147.23,20698.79,4.64%,15:02:00,00:12:00,64072727949.72,405992446610.67,19198375.0
2022-11-03,20162.69,20382.1,20086.24,20209.99,20234.17,0.23%,05:53:00,12:51:00,43228750179.43,387983112928.37,19197593.0
2022-11-02,20482.96,20742.81,20087.13,20159.5,20414.97,-1.58%,18:32:00,22:56:00,55552169483.42,386993271473.89,19196568.0
2022-11-01,20494.9,20647.29,20359.85,20485.27,20503.57,-0.05%,09:50:00,14:14:00,39819303159.15,393230695987.89,19195775.0
2022-10-31,20633.7,20795.32,20287.46,20495.77,20541.39,-0.67%,11:20:00,14:40:00,45668466815.41,393413045572.67,19194837.0
2022-10-30,20817.98,20917.01,20547.46,20635.6,20732.24,-0.88%,07:15:00,22:32:00,31486345555.64,396075135322.21,19193775.0
2022-10-29,20595.1,20988.39,20566.48,20818.48,20777.43,1.08%,10:24:00,00:41:00,40369840645.23,399567972100.27,19192950.0
2022-10-28,20287.96,20724.98,20086.07,20595.35,20405.53,1.52%,16:58:00,08:25:00,43994715910.3,395266756395.28,19192037.0
2022-10-27,20772.8,20854.04,20255.37,20285.84,20554.71,-2.34%,05:46:00,23:17:00,49625110402.03,389306507854.33,19191050.0
2022-10-26,20092.24,20938.13,20076.12,20770.44,20507.12,3.38%,16:14:00,00:15:00,58895950537.09,398588922090.83,19190200.0
2022-10-25,19344.96,20348.41,19261.45,20095.86,19804.93,3.88%,18:37:00,10:04:00,47761524909.94,385624152241.56,19189237.0
2022-10-24,19567.77,19589.12,19206.32,19345.57,19397.72,-1.14%,00:34:00,14:28:00,30202235804.59,371211779873.32,19188462.0
2022-10-23,19207.73,19646.65,19124.2,19567.01,19385.43,1.87%,22:37:00,12:28:00,22128794335.13,375444263357.02,19187618.0
2022-10-22,19172.38,19248.07,19132.24,19208.19,19190.16,0.19%,15:05:00,03:06:00,16104440957.47,368541303588.26,19186675.0
2022-10-21,19053.2,19237.39,18770.97,19172.47,19004.18,0.63%,19:52:00,12:26:00,32459287865.69,367839754255.23,19185831.0
2022-10-20,19138.09,19315.2,18971.46,19053.74,19143.33,-0.44%,15:02:00,01:07:00,24493974419.53,365543015077.49,19184843.0
2022-10-19,19335.03,19348.42,19127.69,19139.53,19238.06,-1.01%,00:07:00,23:52:00,22425387183.91,367171621206.39,19183937.0
2022-10-18,19550.47,19667.0,19144.77,19334.42,19405.89,-1.11%,06:46:00,19:28:00,30580012344.21,370891718468.24,19182981.0
2022-10-17,19268.56,19635.8,19173.33,19550.76,19404.57,1.46%,13:45:00,04:12:00,27472552998.34,375024092833.74,19182075.0
2022-10-16,19068.91,19389.6,19068.91,19268.09,19229.25,1.04%,20:04:00,00:00:00,17988916650.36,369584293835.81,19181156.0
2022-10-15,19185.44,19212.54,19019.25,19067.64,19115.9,-0.61%,03:59:00,23:04:00,16192235531.97,365722351004.5,19180268.0
2022-10-14,19382.53,19889.15,19115.41,19185.66,19502.28,-1.02%,01:58:00,22:14:00,38452356726.7,367967465552.59,19179300.0
2022-10-13,19156.97,19453.33,18319.82,19382.9,18886.58,1.18%,20:24:00,13:20:00,44219840003.89,371731749298.26,19178331.0
2022-10-12,19052.65,19203.2,19029.76,19157.45,19116.48,0.55%,22:14:00,12:39:00,24950173846.05,367391447229.96,19177475.0
2022-10-11,19139.0,19241.96,18925.6,19051.42,19083.78,-0.46%,12:37:00,14:07:00,28711532910.3,365340817941.08,19176568.0
2022-10-10,19446.42,19515.47,19102.98,19141.48,19309.22,-1.57%,01:58:00,22:19:00,27425022773.59,367049182259.43,19175587.0
2022-10-09,19417.48,19542.54,19349.26,19446.43,19445.9,0.15%,16:08:00,04:29:00,16837262532.25,372876821416.38,19174568.0
2022-10-08,19546.33,19601.7,19299.41,19416.57,19450.56,-0.66%,00:28:00,22:08:00,16437423166.71,372284398575.26,19173543.0
2022-10-07,19957.56,20041.09,19395.79,19546.85,19718.44,-2.06%,02:44:00,17:12:00,29227315390.11,374761116006.47,19172456.0
2022-10-06,20161.04,20408.39,19900.09,19955.44,20154.24,-1.02%,02:11:00,23:05:00,34711412966.17,382574032285.78,19171412.0
2022-10-05,20335.9,20343.75,19801.8,20160.72,20072.78,-0.86%,00:05:00,14:37:00,33223790572.36,386489739242.67,19170437.0
2022-10-04,19623.58,20380.34,19523.84,20336.84,19952.09,3.63%,20:52:00,02:15:00,35887278684.83,389843287588.34,19169312.0
2022-10-03,19044.07,19653.54,19025.23,19623.58,19339.39,3.04%,23:28:00,00:08:00,30484729488.71,376151028151.32,19168318.0
2022-10-02,19311.85,19370.31,18970.62,19044.11,19170.46,-1.39%,05:35:00,23:37:00,20765955327.49,365024821953.69,19167337.0
2022-10-01,19431.1,19471.15,19231.08,19312.09,19351.12,-0.61%,00:22:00,20:13:00,18719537669.88,370142714486.9,19166368.0
2022-09-30,19573.43,20109.85,19265.66,19431.79,19687.75,-0.72%,15:13:00,13:31:00,43975248084.73,372414733487.45,19165231.0
2022-09-29,19427.78,19589.27,18924.35,19573.05,19256.81,0.75%,04:59:00,14:19:00,41037843771.3,375100872175.06,19164150.0
2022-09-28,19104.62,19688.34,18553.3,19426.72,19120.82,1.69%,21:31:00,02:44:00,53071298733.51,372279603227.33,19163275.0
2022-09-27,19221.84,20338.46,18915.67,19110.55,19627.06,-0.58%,12:52:00,18:25:00,58571439618.96,366202733264.3,19162337.0
2022-09-26,18803.9,19274.87,18721.29,19222.67,18998.08,2.23%,09:05:00,07:01:00,44148798320.6,368335944295.86,19161537.0
2022-09-25,18936.31,19134.73,18696.47,18802.1,18915.6,-0.71%,11:53:00,22:07:00,23359966112.45,360259346858.07,19160593.0
2022-09-24,19296.99,19310.2,18861.97,18937.01,19086.08,-1.87%,00:08:00,22:53:00,26149643167.68,362826506171.96,19159650.0
2022-09-23,19412.4,19464.67,18617.55,19297.64,19041.11,-0.59%,04:56:00,14:26:00,38896078052.07,369718966324.75,19158768.0
2022-09-22,18534.65,19456.91,18415.59,19413.55,18936.25,4.74%,23:11:00,01:00:00,41135767926.23,371923967755.44,19157956.0
2022-09-21,18891.28,19674.63,18290.32,18547.4,18982.47,-1.82%,18:01:00,22:20:00,46363793974.56,355314855623.96,19157125.0
2022-09-20,19545.59,19602.46,18813.46,18890.79,19207.96,-3.35%,00:11:00,18:01:00,36791346508.26,361876433047.07,19156237.0
2022-09-19,19418.57,19639.48,18390.32,19544.13,19014.9,0.65%,22:58:00,06:46:00,40177002623.56,374373522207.39,19155293.0
2022-09-18,20127.23,20127.23,19387.49,19419.51,19757.36,-3.52%,00:00:00,22:32:00,31254779143.63,371970445843.4,19154475.0
2022-09-17,19777.03,20162.53,19777.03,20127.58,19969.78,1.77%,17:11:00,00:00:00,24957448100.3,385513277844.78,19153487.0
2022-09-16,19704.01,19870.63,19400.08,19772.58,19635.36,0.35%,11:59:00,17:31:00,30123362272.94,378693173324.34,19152437.0
2022-09-15,20242.29,20318.17,19636.73,19701.21,19977.45,-2.67%,07:22:00,15:19:00,36389011503.32,377311288517.09,19151681.0
2022-09-14,20184.56,20467.2,19793.4,20241.09,20130.3,0.28%,02:27:00,18:19:00,37872380889.0,387631908834.78,19150743.0
2022-09-13,22371.48,22673.82,20062.67,20296.71,21368.24,-9.27%,12:26:00,21:46:00,51091116621.52,388682319976.46,19149981.0
2022-09-12,21770.15,22439.18,21603.9,22370.45,22021.54,2.76%,14:26:00,03:43:00,50212088965.2,428373958242.42,19149100.0
2022-09-11,21678.54,21770.55,21406.94,21769.26,21588.74,0.42%,23:58:00,06:43:00,34493951963.3,416840289162.08,19148118.0
2022-09-10,21376.91,21760.28,21168.72,21680.54,21464.5,1.42%,23:39:00,14:04:00,36913738894.15,415117548315.38,19147012.0
2022-09-09,19328.14,21439.41,19310.96,21381.15,20375.18,10.62%,23:19:00,00:07:00,48469528170.65,409363809141.16,19146012.0
2022-09-08,19289.94,19417.35,19076.71,19329.83,19247.03,0.21%,20:17:00,13:13:00,32194477849.95,370071738762.96,19145106.0
2022-09-07,18837.68,19427.17,18644.47,19290.32,19035.82,2.4%,21:07:00,03:03:00,35239757133.88,369299496559.04,19144287.0
2022-09-06,19817.72,20155.27,18800.17,18837.67,19477.72,-4.95%,01:05:00,20:13:00,43403978910.41,360616650169.4,19143381.0
2022-09-05,19988.79,20031.16,19673.05,19812.37,19852.1,-0.88%,00:05:00,11:33:00,28813460025.44,379258182345.46,19142493.0
2022-09-04,19832.47,19999.69,19636.82,19986.71,19818.25,0.78%,23:43:00,08:04:00,25245861651.62,382576542382.13,19141543.0
2022-09-03,19969.72,20037.01,19698.36,19832.09,19867.68,-0.69%,00:46:00,19:19:00,23613051457.08,379595440556.6,19140468.0
2022-09-02,20126.07,20401.57,19814.77,19969.77,20108.17,-0.78%,14:44:00,18:16:00,29123998927.55,382212933183.84,19139575.0
2022-09-01,20050.5,20198.39,19653.97,20127.14,19926.18,0.38%,02:28:00,16:42:00,30182031009.86,385208305831.58,19138750.0
2022-08-31,19799.58,20420.99,19799.58,20049.76,20110.29,1.26%,04:07:00,00:00:00,33225232872.06,383710102294.98,19137887.0
2022-08-30,20298.61,20542.64,19617.64,19796.81,20080.14,-2.47%,07:36:00,17:24:00,34483360282.77,378850670474.32,19136956.0
2022-08-29,19615.15,20357.46,19600.79,20297.99,19979.12,3.48%,16:07:00,00:22:00,32637854077.72,388422039679.33,19135981.0
2022-08-28,20041.03,20139.05,19616.81,19616.81,19877.93,-2.12%,16:28:00,23:59:00,24366810590.82,375367382007.85,19134981.0
2022-08-27,20262.48,20340.77,19890.52,20041.74,20115.64,-1.09%,00:37:00,16:29:00,30116729775.56,383478483268.59,19133993.0
2022-08-26,21596.09,21804.91,20199.48,20260.02,21002.2,-6.19%,13:07:00,23:50:00,42326789563.56,387636192940.59,19133062.0
2022-08-25,21395.46,21789.64,21362.44,21600.91,21576.04,0.96%,08:13:00,00:17:00,31028679593.0,413267825941.47,19131968.0
2022-08-24,21526.46,21783.08,21195.01,21395.02,21489.04,-0.61%,19:42:00,03:16:00,31962253368.02,409308514098.09,19131018.0
2022-08-23,21401.05,21646.2,20955.14,21528.09,21300.67,0.59%,14:13:00,06:14:00,31878280659.1,411833237128.08,19130043.0
2022-08-22,21531.46,21531.46,20939.18,21398.91,21235.32,-0.62%,00:00:00,08:34:00,31666498757.58,409340103013.27,19129018.0
2022-08-21,21160.39,21668.85,21103.2,21534.12,21386.02,1.77%,21:25:00,06:58:00,23102307723.19,411906673576.29,19128093.0
2022-08-20,20872.84,21350.81,20856.73,21166.06,21103.77,1.4%,07:43:00,21:03:00,27595671000.41,404848126556.26,19127231.0
2022-08-19,23213.31,23213.31,20868.85,20877.55,22041.08,-10.06%,00:00:00,23:56:00,40509610259.78,399309311305.82,19126250.0
2022-08-18,23341.04,23563.83,23177.6,23212.74,23370.72,-0.55%,13:02:00,23:26:00,23747613147.14,443947256035.75,19125156.0
2022-08-17,23881.32,24407.06,23243.35,23336.0,23825.2,-2.28%,07:01:00,20:07:00,30931623076.08,446283604019.97,19124256.0
2022-08-16,24126.14,24228.42,23733.5,23883.29,23980.96,-1.01%,01:35:00,15:07:00,27753685645.65,456730745422.92,19123443.0
2022-08-15,24318.32,25135.59,23839.77,24136.97,24487.68,-0.75%,03:19:00,23:18:00,35123501684.8,461560003436.79,19122531.0
2022-08-14,24429.06,24974.91,24206.26,24319.33,24590.58,-0.45%,07:51:00,18:05:00,22994133555.22,465024405299.05,19121593.0
2022-08-13,24402.19,24860.05,24346.11,24424.07,24603.08,0.09%,06:21:00,12:37:00,22987346288.83,467007252128.58,19120781.0
2022-08-12,23957.2,24412.57,23657.27,24402.82,24034.92,1.86%,23:40:00,11:40:00,27265804687.74,466578839477.74,19119875.0
2022-08-11,23948.35,24822.63,23901.0,23957.53,24361.82,0.04%,14:18:00,23:11:00,37127036580.1,458043109398.07,19118962.0
2022-08-10,23162.9,24127.41,22771.52,23947.64,23449.46,3.39%,13:31:00,00:50:00,32837431721.55,457833729141.91,19118112.0
2022-08-09,23811.48,23898.62,22982.0,23164.32,23440.31,-2.72%,05:39:00,14:10:00,23555719218.86,442835162483.49,19117125.0
2022-08-08,23179.53,24203.69,23176.55,23809.49,23690.12,2.72%,12:14:00,00:04:00,28575544847.49,455148536623.69,19116268.0
2022-08-07,22963.51,23359.01,22894.56,23175.89,23126.78,0.92%,21:10:00,00:59:00,15886817042.79,443014963855.4,19115337.0
2022-08-06,23291.42,23326.56,22961.28,22961.28,23143.92,-1.42%,00:52:00,23:59:00,15978259884.75,438890198160.7,19114362.0
2022-08-05,22626.83,23422.83,22612.18,23289.31,23017.5,2.93%,12:12:00,00:04:00,28881249043.31,445137234251.88,19113368.0
2022-08-04,22848.21,23198.01,22485.7,22630.96,22841.86,-0.95%,01:46:00,20:02:00,25120229769.19,432532599006.89,19112431.0
2022-08-03,22981.3,23578.65,22747.84,22846.51,23163.25,-0.59%,12:22:00,01:07:00,26288169966.18,436633304289.21,19111600.0
2022-08-02,23308.43,23415.04,22710.08,22978.12,23062.56,-1.42%,17:07:00,09:46:00,28389250717.43,439128030641.55,19110706.0
2022-08-01,23336.72,23464.79,22890.8,23314.2,23177.8,-0.1%,14:55:00,18:50:00,25849159140.74,445527356895.96,19109700.0
2022-07-31,23652.07,24121.64,23275.7,23336.9,23698.67,-1.33%,18:16:00,22:52:00,23553591896.25,445941074223.04,19108843.0
2022-07-30,23796.82,24572.58,23580.51,23656.21,24076.54,-0.59%,15:49:00,22:19:00,28148218300.58,452020722098.65,19107912.0
2022-07-29,23845.21,24294.79,23481.17,23804.63,23887.98,-0.17%,06:43:00,13:07:00,35887249745.78,454837507676.2,19107100.0
2022-07-28,22933.64,24110.47,22722.27,23843.89,23416.37,3.97%,21:14:00,12:34:00,40212386157.74,455565748691.77,19106187.0
2022-07-27,21244.17,22986.53,21070.81,22930.55,22028.67,7.94%,19:28:00,03:49:00,31758955233.31,438095993233.22,19105343.0
2022-07-26,21361.12,21361.12,20776.82,21239.75,21068.97,-0.57%,00:00:00,15:56:00,28624673855.33,405770108604.64,19104275.0
2022-07-25,22607.16,22649.12,21361.64,21361.7,22005.38,-5.51%,00:19:00,23:58:00,35574561406.16,408078695877.99,19103287.0
2022-07-24,22465.51,22974.0,22306.84,22609.16,22640.42,0.64%,22:46:00,04:14:00,23565495302.99,431888879541.1,19102381.0
2022-07-23,22706.98,22977.21,22002.91,22465.48,22490.06,-1.06%,05:17:00,18:08:00,24021799168.58,429122209145.36,19101406.0
2022-07-22,23163.75,23671.93,22603.42,22714.98,23137.68,-1.94%,13:52:00,20:49:00,31421555645.94,433866028177.06,19100437.0
2022-07-21,23233.2,23388.32,22431.15,23164.63,22909.74,-0.3%,01:17:00,14:37:00,33631012203.97,442435421338.91,19099612.0
2022-07-20,23393.19,24196.82,23009.95,23231.73,23603.38,-0.69%,15:38:00,01:10:00,42932549127.33,443696738856.27,19098737.0
2022-07-19,22467.85,23666.96,21683.41,23389.43,22675.18,4.1%,21:58:00,06:52:00,48765202697.15,446690803766.25,19097975.0
2022-07-18,20781.91,22633.03,20781.91,22485.69,21707.47,8.2%,16:04:00,00:00:00,39974475561.94,429412153274.1,19097131.0
2022-07-17,21195.04,21600.64,20778.18,20779.34,21189.41,-1.96%,07:13:00,23:58:00,22927802082.64,396808327004.88,19096287.0
2022-07-16,20834.1,21514.4,20518.9,21190.32,21016.65,1.71%,17:23:00,06:40:00,24302954056.04,404639672831.08,19095500.0
2022-07-15,20573.16,21138.24,20397.0,20836.33,20767.62,1.28%,20:01:00,01:22:00,25905575358.62,397861215081.44,19094593.0
2022-07-14,20211.47,20789.89,19689.26,20569.92,20239.57,1.77%,19:32:00,13:43:00,31158743333.4,392755738689.37,19093693.0
2022-07-13,19325.97,20223.05,18999.95,20212.07,19611.5,4.59%,23:19:00,13:34:00,33042430345.48,385908229967.86,19092956.0
2022-07-12,19970.48,20043.45,19308.53,19323.91,19675.99,-3.24%,05:49:00,23:55:00,25810220017.7,368936762200.6,19092237.0
2022-07-11,20856.35,20856.35,19924.54,19970.56,20390.44,-4.25%,00:00:00,23:08:00,24150249024.63,381264246558.41,19091318.0
2022-07-10,21591.08,21591.08,20727.12,20860.45,21159.1,-3.38%,00:00:00,16:16:00,28688807249.03,398237577323.43,19090556.0
2022-07-09,21716.83,21877.14,21445.96,21592.21,21661.55,-0.57%,17:38:00,12:02:00,29641127858.06,412185216767.56,19089537.0
2022-07-08,21637.16,22314.94,21257.45,21731.12,21786.2,0.43%,01:31:00,14:04:00,49899834488.21,414819851681.33,19088750.0
2022-07-07,20547.81,21771.82,20296.1,21637.59,21033.96,5.3%,20:01:00,06:04:00,25814972520.24,413013947459.11,19087800.0
2022-07-06,20194.62,20595.53,19823.51,20548.25,20209.52,1.75%,23:08:00,03:14:00,24598943708.23,392200896304.73,19086831.0
2022-07-05,20225.35,20635.47,19341.23,20190.11,19988.35,-0.17%,20:16:00,13:34:00,26715546990.31,385349780369.64,19086062.0
2022-07-04,19297.31,20258.75,19063.07,20231.26,19660.91,4.84%,23:52:00,03:04:00,21594638208.11,386119553712.38,19085293.0
2022-07-03,19242.09,19558.27,18966.95,19297.08,19262.61,0.29%,20:09:00,04:58:00,16390821947.43,368272636367.55,19084375.0
2022-07-02,19274.84,19371.75,19027.08,19242.26,19199.42,-0.17%,12:46:00,09:29:00,18100418739.96,367208487556.97,19083443.0
2022-07-01,19820.47,20632.67,19073.71,19269.37,19853.19,-2.78%,00:34:00,11:04:00,30767551158.55,367709366218.78,19082587.0
2022-06-30,20108.31,20141.16,18729.66,19784.73,19435.41,-1.61%,00:15:00,20:55:00,26267239923.25,377526215552.49,19081700.0
2022-06-29,20281.17,20364.16,19937.79,20104.02,20150.97,-0.87%,02:50:00,11:22:00,23552740327.93,383598071095.42,19080662.0
2022-06-28,20731.54,21164.42,20228.81,20280.64,20696.61,-2.17%,09:14:00,20:37:00,21381535160.78,386949194397.61,19079737.0
2022-06-27,21028.24,21478.09,20620.2,20735.48,21049.14,-1.39%,09:01:00,18:10:00,20965695707.02,395606854741.09,19078743.0
2022-06-26,21496.49,21783.72,21016.27,21027.3,21400.0,-2.18%,12:17:00,22:52:00,18027170496.51,401157940864.2,19077962.0
2022-06-25,21233.61,21520.91,20964.59,21502.34,21242.75,1.27%,08:07:00,16:05:00,18372538715.34,410202265385.35,19077100.0
2022-06-24,21084.65,21472.92,20777.51,21231.66,21125.21,0.7%,22:22:00,07:16:00,24957784918.21,405018505024.32,19076162.0
2022-06-23,19986.61,21135.76,19950.12,21085.88,20542.94,5.5%,23:36:00,00:04:00,26188097172.81,402219959760.78,19075325.0
2022-06-22,20719.41,20835.75,19848.08,19987.03,20341.92,-3.53%,14:35:00,20:43:00,28574793477.85,381240087223.77,19074375.0
2022-06-21,20594.29,21620.63,20415.06,20710.6,21017.84,0.56%,14:54:00,03:34:00,28970212744.12,395025644879.73,19073600.0
2022-06-20,20553.37,20913.32,19689.17,20599.54,20301.24,0.22%,11:52:00,01:52:00,30818458597.14,392888024958.72,19072662.0
2022-06-19,19010.9,20683.82,18067.15,20553.27,19375.48,8.11%,22:29:00,05:41:00,35329942624.94,391988917193.6,19071850.0
2022-06-18,20473.42,20736.04,17708.62,19017.64,19222.33,-7.11%,00:34:00,20:56:00,42009436760.13,362685324229.12,19070993.0
2022-06-17,20385.72,21243.31,20326.52,20471.48,20784.92,0.42%,08:35:00,00:42:00,27132421513.81,390391528176.49,19070018.0
2022-06-16,22576.31,22868.92,20265.23,20381.65,21567.07,-9.72%,01:16:00,23:25:00,31183975653.76,388664840556.76,19069350.0
2022-06-15,22196.73,22642.67,20178.38,22572.84,21410.52,1.69%,22:35:00,09:38:00,54912007015.02,430432160005.57,19068587.0
2022-06-14,22487.99,23018.95,20950.82,22206.79,21984.88,-1.25%,05:26:00,02:01:00,50913575242.48,423429131864.08,19067550.0
2022-06-13,26737.58,26795.59,22141.26,22487.39,24468.42,-15.9%,00:37:00,23:34:00,68204556439.95,428759852105.36,19066681.0
2022-06-12,28373.51,28502.69,26762.65,26762.65,27632.67,-5.68%,00:47:00,23:59:00,34163220273.81,510252464820.78,19065843.0
2022-06-11,29084.67,29401.92,28236.21,28360.81,28819.06,-2.49%,05:10:00,16:37:00,27246574438.64,540698499860.06,19064987.0
2022-06-10,30110.33,30245.81,28978.15,29083.8,29611.98,-3.41%,03:07:00,19:10:00,29867476526.98,554455834485.63,19064075.0
2022-06-09,30215.28,30609.31,30020.26,30112.0,30314.78,-0.34%,09:38:00,20:10:00,21692004719.49,574029141738.88,19063137.0
2022-06-08,31151.48,31253.69,29944.4,30214.36,30599.04,-3.01%,00:34:00,04:10:00,30242059107.41,575953219487.92,19062237.0
2022-06-07,31371.74,31489.68,29311.68,31155.48,30400.68,-0.69%,20:28:00,02:34:00,40770974039.33,593857882016.71,19061106.0
2022-06-06,29910.28,31693.29,29894.19,31370.67,30793.74,4.88%,14:38:00,00:04:00,31947336828.66,597927548347.45,19060081.0
2022-06-05,29835.12,30117.74,29574.45,29906.66,29846.1,0.24%,16:13:00,09:38:00,17264085440.89,569996838236.88,19059193.0
2022-06-04,29706.14,29930.56,29500.01,29832.91,29715.28,0.43%,22:18:00,02:31:00,16588370958.43,568564420350.11,19058293.0
2022-06-03,30467.81,30633.03,29375.69,29704.39,30004.36,-2.51%,02:04:00,15:13:00,26175547451.56,566088081691.13,19057387.0
2022-06-02,29794.89,30604.73,29652.7,30467.49,30128.72,2.26%,22:13:00,00:37:00,29083562061.06,580603466872.23,19056493.0
2022-06-01,31792.55,31957.28,29501.59,29799.08,30729.44,-6.27%,00:58:00,20:43:00,41135817340.95,567842680885.87,19055712.0
2022-05-31,31723.87,32249.86,31286.15,31792.31,31768.0,0.22%,16:46:00,14:07:00,33538210634.3,605797887876.49,19054856.0
2022-05-30,29443.37,31949.63,29303.57,31726.39,30626.6,7.75%,21:25:00,00:58:00,39277993273.94,604513442525.64,19053962.0
2022-05-29,29019.87,29498.01,28841.11,29445.96,29169.56,1.47%,22:43:00,02:28:00,18093886409.16,561034743433.25,19053031.0
2022-05-28,28842.1,29135.92,28554.57,29023.49,28845.24,0.63%,13:19:00,01:46:00,19252320707.98,552958193308.48,19052093.0
2022-05-27,29251.14,29346.94,28326.61,28627.57,28836.78,-2.13%,00:32:00,18:30:00,36582005748.16,545388222663.76,19051150.0
2022-05-26,29564.78,29834.16,28261.91,29267.22,29048.04,-1.01%,04:23:00,13:31:00,36774325352.43,557547946793.11,19050250.0
2022-05-25,29653.14,30157.78,29384.95,29562.36,29771.36,-0.31%,04:01:00,12:02:00,27525063551.25,563145244691.91,19049400.0
2022-05-24,29101.13,29774.35,28786.59,29655.59,29280.47,1.91%,23:20:00,14:13:00,26616506244.9,564895173841.06,19048525.0
2022-05-23,30309.4,30590.59,28975.56,29098.91,29783.08,-3.99%,07:35:00,23:20:00,31483454556.82,554268758109.31,19047750.0
2022-05-22,29432.47,30425.86,29275.18,30323.72,29850.52,3.03%,23:28:00,05:01:00,21631532269.67,577568895835.72,19046768.0
2022-05-21,29199.86,29588.87,29027.39,29432.23,29308.13,0.8%,16:14:00,01:31:00,17274840441.5,560565793081.53,19045987.0
2022-05-20,30311.12,30664.98,28793.61,29200.74,29729.3,-3.66%,01:43:00,17:31:00,30749382604.8,556131920268.79,19045131.0
2022-05-19,28720.36,30430.75,28708.96,30314.33,29569.86,5.55%,15:50:00,02:14:00,33773447706.67,577316228899.3,19044331.0
2022-05-18,30424.48,30618.72,28720.27,28720.27,29669.5,-5.6%,00:37:00,23:59:00,31285268318.53,546936441379.51,19043568.0
2022-05-17,29862.41,30694.49,29570.3,30425.86,30132.4,1.89%,13:46:00,18:36:00,29101473475.43,579391415566.42,19042731.0
2022-05-16,31304.37,31305.34,29251.89,29862.92,30278.62,-4.6%,00:01:00,16:58:00,32613897286.17,568643328349.1,19041787.0
2022-05-15,30098.59,31308.19,29527.74,31305.11,30417.96,4.01%,23:58:00,05:10:00,25835372064.61,596074575228.33,19040806.0
2022-05-14,29285.64,30192.8,28702.91,30101.27,29447.86,2.79%,23:02:00,16:13:00,28579868619.98,573129618194.88,19040050.0
2022-05-13,29030.91,30924.8,28782.33,29283.1,29853.56,0.87%,14:43:00,00:21:00,42841124537.45,557525025253.19,19039137.0
2022-05-12,28936.73,30032.44,26350.49,29047.75,28191.46,0.38%,00:52:00,07:19:00,66989173272.36,553017241734.59,19038212.0
2022-05-11,31016.18,32013.4,28170.41,28936.36,30091.9,-6.71%,10:16:00,21:29:00,70388855817.93,550870071633.8,19037300.0
2022-05-10,30273.65,32596.31,29944.8,31022.91,31270.56,2.47%,06:46:00,00:33:00,59811038817.27,590565398299.36,19036431.0
2022-05-09,34060.02,34222.07,30296.95,30296.95,32259.51,-11.05%,01:22:00,23:59:00,63355494961.42,576716899022.88,19035475.0
2022-05-08,35502.94,35502.94,33878.96,34059.26,34690.95,-4.07%,00:00:00,17:40:00,36763041910.24,648302121215.01,19034531.0
2022-05-07,36042.5,36129.93,34940.82,35501.95,35535.38,-1.5%,11:23:00,22:55:00,24375896405.9,675729532873.68,19033587.0
2022-05-06,36573.18,36624.36,35482.13,36040.92,36053.24,-1.46%,00:08:00,13:49:00,37795577489.27,685953792235.64,19032637.0
2022-05-05,39695.75,39789.28,35856.52,36575.14,37822.9,-7.86%,05:20:00,19:25:00,43106256317.32,696088266356.37,19031731.0
2022-05-04,37748.01,39902.95,37732.06,39698.37,38817.5,5.17%,19:19:00,00:06:00,36754404490.11,755491473700.31,19030793.0
2022-05-03,38528.11,38629.99,37585.62,37750.45,38107.8,-2.02%,08:13:00,20:23:00,27326943244.26,718385701942.79,19029856.0
2022-05-02,38472.19,39074.97,38156.56,38529.33,38615.76,0.15%,06:10:00,18:45:00,32922642425.83,733170725790.51,19028900.0
2022-05-01,37713.27,38627.86,37585.79,38469.09,38106.82,2.0%,16:25:00,01:38:00,27002760109.78,731986764311.88,19027918.0
2022-04-30,38605.86,38771.21,37697.94,37714.88,38234.57,-2.31%,02:10:00,23:51:00,23895713731.28,717596901508.72,19026893.0
2022-04-29,39768.62,39887.27,38235.54,38609.82,39061.4,-2.91%,01:31:00,19:55:00,30882994649.3,734589762489.81,19025981.0
2022-04-28,39241.43,40269.47,38941.42,39773.83,39605.44,1.36%,18:07:00,14:07:00,33903704906.51,756698317681.63,19025031.0
2022-04-27,38120.3,39397.92,37997.31,39241.12,38697.62,2.94%,13:52:00,00:49:00,30981015184.24,746531438328.55,19024212.0
2022-04-26,40448.42,40713.89,37884.99,38117.46,39299.44,-5.76%,08:25:00,20:16:00,34569088415.86,725113482674.14,19023131.0
2022-04-25,39472.61,40491.75,38338.38,40458.31,39415.06,2.5%,23:25:00,09:19:00,35445730570.23,769607056243.23,19022225.0
2022-04-24,39478.37,39845.92,39233.54,39469.29,39539.73,-0.02%,14:58:00,16:55:00,17964398167.08,750755023763.86,19021243.0
2022-04-23,39738.72,39935.86,39352.2,39486.73,39644.03,-0.63%,16:17:00,04:25:00,16138021249.44,751045477435.14,19020200.0
2022-04-22,40525.86,40777.76,39315.42,39740.32,40046.59,-1.94%,06:19:00,16:07:00,28011716744.78,755827581232.71,19019162.0
2022-04-21,41371.52,42893.58,40063.83,40527.36,41478.7,-2.04%,13:38:00,22:37:00,35372786395.42,770762297842.52,19018318.0
2022-04-20,41501.74,42126.3,40961.1,41374.38,41543.7,-0.31%,12:04:00,18:59:00,27819532341.16,786828424698.83,19017287.0
2022-04-19,40828.17,41672.96,40618.63,41502.75,41145.8,1.65%,15:13:00,07:19:00,25303206546.84,789227424712.82,19016268.0
2022-04-18,39721.2,40986.32,38696.19,40826.21,39841.26,2.78%,21:25:00,05:07:00,33705182071.98,776330593865.92,19015493.0
2022-04-17,40417.78,40570.73,39620.89,39716.95,40095.81,-1.73%,13:46:00,23:49:00,19087633042.29,755201997822.58,19014600.0
2022-04-16,40552.32,40633.68,40078.43,40424.48,40356.06,-0.32%,22:12:00,15:58:00,16833150693.09,768615440639.72,19013612.0
2022-04-15,39939.4,40617.72,39866.83,40553.46,40242.28,1.54%,14:52:00,00:47:00,21756855752.62,771033872659.18,19012775.0
2022-04-14,41160.22,41451.48,39695.74,39935.52,40573.61,-2.98%,02:01:00,19:04:00,24342001973.22,759245303310.83,19011781.0
2022-04-13,40123.57,41430.05,39712.75,41166.73,40571.4,2.6%,19:08:00,01:32:00,27691105227.77,782617115810.22,19010912.0
2022-04-12,39533.71,40617.59,39388.33,40127.18,40002.96,1.5%,13:01:00,02:37:00,30991500853.81,762819737793.6,19010050.0
2022-04-11,42201.04,42424.59,39373.06,39521.9,40898.82,-6.35%,01:28:00,22:13:00,33949912165.86,751274786459.3,19009075.0
2022-04-10,42781.09,43376.38,42021.21,42207.67,42698.8,-1.34%,20:15:00,22:53:00,17654475582.4,802293412896.68,19008237.0
2022-04-09,42282.08,42786.82,42183.25,42782.14,42485.04,1.18%,23:58:00,03:07:00,16050772496.25,813175789801.6,19007368.0
2022-04-08,43505.14,43903.02,42183.29,42287.66,43043.16,-2.8%,15:37:00,23:45:00,27215995394.34,803736501494.4,19006406.0
2022-04-07,43207.5,43860.7,42899.91,43503.85,43380.3,0.69%,12:14:00,00:59:00,26101973106.2,826814841542.56,19005556.0
2022-04-06,45544.36,45544.36,43193.95,43206.74,44369.16,-5.13%,00:00:00,23:58:00,39393395787.79,821131605926.81,19004712.0
2022-04-05,46624.51,47106.14,45544.81,45555.99,46325.48,-2.29%,12:38:00,23:58:00,29640604054.7,865734982990.98,19003756.0
2022-04-04,46445.27,46791.09,45235.82,46622.67,46013.46,0.38%,23:35:00,18:11:00,32499785455.18,885964854050.1,19002875.0
2022-04-03,45859.13,47313.48,45634.1,46453.57,46473.79,1.3%,22:47:00,01:35:00,25414397610.22,882703992270.53,19001856.0
2022-04-02,46285.5,47028.28,45782.51,45868.95,46405.4,-0.9%,00:58:00,18:13:00,29336594194.19,871556728552.73,19001018.0
2022-04-01,45554.16,46616.24,44403.14,46281.64,45509.69,1.6%,15:23:00,02:58:00,38162644286.97,879359612625.13,19000181.0
2022-03-31,47062.15,47512.03,45390.54,45538.68,46451.28,-3.24%,13:07:00,23:49:00,33327427106.32,865202119215.74,18999281.0
2022-03-30,47456.9,47655.15,46746.21,47062.66,47200.68,-0.83%,18:16:00,01:52:00,29333883961.6,894116777851.54,18998431.0
2022-03-29,47100.44,48022.29,47100.44,47465.73,47561.37,0.78%,12:22:00,00:00:00,31397059068.97,901733146417.05,18997562.0
2022-03-28,46821.85,48086.84,46690.2,47128.01,47388.52,0.65%,19:36:00,00:18:00,36362175703.48,895273041065.34,18996625.0
2022-03-27,44505.36,46827.55,44437.29,46820.49,45632.42,5.2%,23:56:00,13:02:00,28160889721.88,889385706663.3,18995650.0
2022-03-26,44349.86,44736.0,44166.28,44500.83,44451.14,0.34%,20:39:00,01:02:00,16950455994.89,845283757076.22,18994787.0
2022-03-25,43964.55,44999.49,43706.29,44348.73,44352.89,0.87%,14:07:00,08:13:00,30574413034.44,842351457245.02,18993812.0
2022-03-24,42886.65,44131.85,42726.16,43960.93,43429.0,2.5%,17:20:00,02:17:00,31042992291.34,834943671214.36,18992856.0
2022-03-23,42364.38,42893.51,41877.51,42892.96,42385.51,1.25%,23:58:00,05:16:00,25242943069.35,814620088888.69,18991931.0
2022-03-22,41074.1,43124.71,40948.28,42358.81,42036.5,3.13%,04:38:00,00:34:00,32004652375.66,804437952235.7,18991043.0
2022-03-21,41246.13,41454.41,40668.04,41078.0,41061.23,-0.41%,13:45:00,02:41:00,24615543270.67,780074755650.18,18990087.0
2022-03-20,42191.41,42241.16,41004.76,41247.82,41622.96,-2.24%,00:16:00,17:56:00,20127946682.25,783260570383.75,18989137.0
2022-03-19,41794.65,42316.55,41602.67,42190.65,41959.61,0.95%,21:41:00,03:49:00,19664853187.34,801124017583.09,18988187.0
2022-03-18,40944.84,42195.74,40302.4,41801.15,41249.07,2.09%,20:04:00,11:32:00,34421564941.56,793688176484.02,18987231.0
2022-03-17,41140.84,41287.54,40662.87,40951.38,40975.2,-0.46%,05:02:00,07:47:00,22009601092.64,777515183730.32,18986300.0
2022-03-16,39335.57,41465.45,39022.35,41143.93,40243.9,4.6%,02:19:00,04:25:00,39616916192.41,781131586213.32,18985343.0
2022-03-15,39664.25,39794.63,38310.21,39338.79,39052.42,-0.82%,20:04:00,07:19:00,23934000867.75,746821744421.1,18984362.0
2022-03-14,37846.32,39742.5,37680.73,39666.76,38711.62,4.81%,22:52:00,00:16:00,24322159070.49,753013859089.57,18983500.0
2022-03-13,38884.72,39209.35,37728.14,37849.66,38468.74,-2.66%,04:08:00,23:04:00,17300745309.73,718481905385.96,18982518.0
2022-03-12,38794.46,39308.6,38772.54,38904.01,39040.57,0.28%,17:08:00,00:02:00,14616450657.2,738459914963.88,18981587.0
2022-03-11,39439.97,40081.68,38347.43,38794.97,39214.56,-1.64%,12:35:00,03:01:00,26364890465.25,736353069777.4,18980631.0
2022-03-10,41974.07,42004.73,38832.94,39437.46,40418.84,-6.04%,00:22:00,13:52:00,31078064710.78,748513363763.29,18979756.0
2022-03-09,38742.82,42465.67,38706.09,41982.93,40585.88,8.36%,16:03:00,00:14:00,32284121034.04,796787661848.94,18978850.0
2022-03-08,38059.9,39304.44,37957.39,38737.27,38630.92,1.78%,18:19:00,00:13:00,25776583476.27,735156346354.69,18978012.0
2022-03-07,38429.3,39430.23,37260.2,38062.04,38345.21,-0.96%,16:13:00,20:05:00,28546143502.55,722305696827.83,18977062.0
2022-03-06,39404.2,39640.18,38211.65,38419.98,38925.92,-2.5%,01:01:00,11:28:00,19745229901.83,729062407067.33,18976125.0
2022-03-05,39148.45,39566.34,38777.04,39400.58,39171.69,0.64%,20:55:00,01:04:00,16975917449.62,747638613405.07,18975318.0
2022-03-04,42458.14,42479.61,38805.85,39137.6,40642.73,-7.82%,00:05:00,22:34:00,28516271426.66,742617908334.96,18974537.0
2022-03-03,43925.2,44021.58,41914.75,42451.79,42968.16,-3.35%,00:58:00,21:07:00,24967782593.19,805466458784.89,18973675.0
2022-03-02,44357.62,45077.58,43432.85,43924.12,44255.22,-0.98%,15:04:00,13:46:00,29183112629.72,833361543694.83,18972756.0
2022-03-01,43194.5,44793.6,42952.58,44354.64,43873.09,2.69%,13:07:00,03:19:00,32479047644.8,841491170715.62,18971887.0
2022-02-28,37706.0,43760.46,37518.21,43193.23,40639.34,14.55%,22:40:00,00:59:00,35690014104.01,819414782676.49,18970906.0
2022-02-27,39098.7,39778.94,37268.98,37709.78,38523.96,-3.55%,12:56:00,21:23:00,23450127611.88,715351995827.55,18969931.0
2022-02-26,39213.08,40005.35,38702.53,39105.15,39353.94,-0.28%,00:44:00,09:16:00,17467554129.06,741789694058.87,18969106.0
2022-02-25,38333.75,39630.32,38111.34,39214.22,38870.83,2.3%,13:43:00,09:31:00,26545599158.94,743827806937.97,18968318.0
2022-02-24,37278.57,38968.84,34459.22,38332.61,36714.03,2.83%,20:20:00,05:47:00,46383802092.57,727072550320.3,18967468.0
2022-02-23,38285.28,39122.39,37201.82,37296.57,38162.1,-2.58%,13:22:00,23:22:00,21849073843.24,707390766255.17,18966643.0
2022-02-22,37068.77,38359.85,36488.93,38286.03,37424.39,3.28%,23:52:00,03:19:00,25493150449.85,726121533658.47,18965706.0
2022-02-21,38423.21,39394.44,36950.48,37075.28,38172.46,-3.51%,05:32:00,22:07:00,29280402797.54,703124071471.97,18964768.0
2022-02-20,40118.1,40119.89,38112.81,38431.38,39116.35,-4.2%,00:04:00,14:23:00,18340576451.97,728812385562.03,18963993.0
2022-02-19,40026.02,40418.88,39713.06,40122.15,40065.97,0.24%,06:56:00,13:10:00,13736557862.99,760839429983.53,18963075.0
2022-02-18,40552.13,40929.15,39637.62,40030.98,40283.38,-1.29%,09:53:00,16:07:00,23310007703.81,759074084513.82,18962168.0
2022-02-17,43937.07,44132.97,40249.37,40538.01,42191.17,-7.74%,01:13:00,21:28:00,26246662812.84,768654436206.64,18961325.0
2022-02-16,44578.28,44578.28,43456.69,43961.86,44017.48,-1.38%,00:00:00,16:23:00,19792547656.71,833531932919.55,18960343.0
2022-02-15,42586.46,44667.22,42491.03,44575.2,43579.12,4.67%,23:49:00,00:52:00,22721659050.67,845117683686.87,18959368.0
2022-02-14,42157.4,42775.78,41681.96,42586.92,42228.87,1.02%,16:37:00,01:54:00,20827783011.84,807375855006.32,18958306.0
2022-02-13,42236.57,42693.05,41950.94,42197.52,42322.0,-0.09%,15:46:00,18:55:00,14741589014.5,799950408997.29,18957287.0
2022-02-12,42412.3,42992.55,41852.57,42244.47,42422.56,-0.4%,18:19:00,21:55:00,18152390303.98,800797790300.71,18956275.0
2022-02-11,43571.13,43810.83,42114.54,42407.94,42962.68,-2.67%,13:43:00,22:56:00,26954925781.36,803848273502.66,18955137.0
2022-02-10,44347.8,45661.17,43402.81,43565.11,44531.99,-1.76%,17:19:00,14:19:00,32142048537.32,825745116529.95,18954275.0
2022-02-09,44096.7,44727.8,43232.97,44338.8,43980.38,0.55%,20:51:00,05:23:00,23245887299.61,840369284541.11,18953362.0
2022-02-08,43854.65,45293.87,42807.84,44118.45,44050.86,0.6%,06:20:00,17:37:00,33079398868.46,836154543908.38,18952493.0
2022-02-07,42406.78,44401.86,41748.16,43840.29,43075.01,3.38%,19:46:00,00:50:00,28641855926.25,830838884165.06,18951493.0
2022-02-06,41441.12,42500.79,41244.91,42412.43,41872.85,2.34%,23:46:00,15:03:00,16142097333.9,803744511638.35,18950681.0
2022-02-05,41501.48,41847.16,41038.1,41441.16,41442.63,-0.15%,15:41:00,17:17:00,19652846214.68,785297889648.0,18949706.0
2022-02-04,37149.26,41527.79,37093.63,41500.88,39310.71,11.71%,23:56:00,01:49:00,29412210791.81,786396684547.64,18948918.0
2022-02-03,36944.81,37154.6,36375.54,37154.6,36765.07,0.57%,23:59:00,10:31:00,18591534769.08,704010232687.46,18948131.0
2022-02-02,38743.71,38834.62,36832.73,36952.98,37833.68,-4.62%,00:23:00,21:52:00,19155189415.69,700155817835.89,18947206.0
2022-02-01,38481.77,39115.13,38113.66,38743.27,38614.4,0.68%,17:04:00,10:19:00,20288500327.54,734039224254.88,18946237.0
2022-01-31,37920.28,38647.26,36733.57,38483.13,37690.42,1.48%,19:19:00,02:07:00,20734730465.05,729073641687.68,18945281.0
2022-01-30,38151.92,38266.34,37437.71,37917.6,37852.02,-0.61%,05:16:00,20:08:00,14643548443.91,718325967803.39,18944393.0
2022-01-29,37780.71,38576.26,37406.47,38138.18,37991.37,0.95%,21:26:00,16:19:00,17194183074.9,722469136409.99,18943462.0
2022-01-28,37128.44,37952.88,36211.11,37784.33,37081.99,1.77%,21:52:00,12:52:00,22238830522.98,715731622071.25,18942550.0
2022-01-27,36841.88,37148.32,35629.28,37138.23,36388.8,0.8%,23:58:00,21:13:00,25041426629.34,703456873492.62,18941581.0
2022-01-26,36950.51,38825.41,36374.91,36852.12,37600.16,-0.27%,19:10:00,22:17:00,31324598033.71,698006361955.82,18940737.0
2022-01-25,36654.81,37444.57,35779.43,36954.0,36612.0,0.82%,18:34:00,07:20:00,26428189593.82,699907393886.04,18939962.0
2022-01-24,36275.73,37247.52,33184.06,36654.33,35215.79,1.04%,20:59:00,11:07:00,41856658596.7,694196560316.9,18939006.0
2022-01-23,35047.36,36433.31,34784.97,36276.8,35609.14,3.51%,23:28:00,19:59:00,26017975950.79,687012848062.33,18938075.0
2022-01-22,36471.59,36688.81,34349.25,35030.25,35519.03,-3.95%,00:50:00,10:14:00,39714385404.71,663374008017.03,18937175.0
2022-01-21,40699.61,41060.53,35791.43,36457.32,38425.98,-10.42%,00:45:00,22:55:00,43011992031.18,690368973093.34,18936362.0
2022-01-20,41744.03,43413.02,40672.82,40680.42,42042.92,-2.55%,16:07:00,23:58:00,20382033939.59,770304579439.02,18935512.0
2022-01-19,42374.04,42478.3,41242.91,41744.33,41860.61,-1.49%,14:59:00,08:37:00,23091543257.9,790406427117.58,18934462.0
2022-01-18,42250.07,42534.4,41392.22,42375.63,41963.31,0.3%,22:50:00,14:37:00,22417209226.95,802313747480.14,18933375.0
2022-01-17,43118.12,43179.39,41680.32,42250.55,42429.86,-2.01%,00:09:00,22:18:00,21690904261.18,799910089279.2,18932537.0
2022-01-16,43172.04,43436.81,42691.02,43113.88,43063.91,-0.13%,16:34:00,13:31:00,17902097844.6,816211499220.99,18931525.0
2022-01-15,43101.9,43724.67,42669.04,43177.4,43196.86,0.18%,20:33:00,12:54:00,18371348297.75,817364571824.4,18930381.0
2022-01-14,42598.87,43346.69,41982.62,43099.7,42664.66,1.18%,21:58:00,12:15:00,23577403398.89,815850639036.09,18929381.0
2022-01-13,43946.74,44278.42,42447.04,42591.57,43362.73,-3.08%,14:41:00,20:13:00,47691135081.85,806189762638.47,18928387.0
2022-01-12,42742.18,44135.37,42528.99,43949.1,43332.18,2.82%,21:28:00,02:50:00,33499938688.54,831836978396.02,18927281.0
2022-01-11,41819.51,43001.16,41407.75,42735.85,42204.46,2.19%,20:08:00,14:37:00,26327648900.42,808834801011.1,18926375.0
2022-01-10,41910.23,42199.49,39796.57,41821.26,40998.03,-0.21%,05:01:00,14:37:00,32104232330.73,791484886193.63,18925418.0
2022-01-09,41734.73,42663.95,41338.16,41911.6,42001.06,0.42%,20:02:00,15:19:00,21294384372.18,793156354744.0,18924506.0
2022-01-08,41561.47,42228.94,40672.28,41733.94,41450.61,0.41%,22:31:00,18:13:00,28066355845.13,789758782727.02,18923656.0
2022-01-07,43153.57,43153.57,41077.45,41557.9,42115.51,-3.7%,00:00:00,16:22:00,84196607519.83,786389774193.77,18922750.0
2022-01-06,43565.51,43748.72,42645.54,43160.93,43197.13,-0.93%,01:20:00,09:59:00,30208048288.93,816685390313.23,18921868.0
2022-01-05,45899.36,46929.05,42798.22,43569.0,44863.64,-5.08%,10:11:00,22:35:00,36851084858.53,824368284529.82,18920981.0
2022-01-04,46458.85,47406.55,45752.46,45897.58,46579.5,-1.21%,15:17:00,19:03:00,42494677904.76,868383282082.05,18920025.0
2022-01-03,47343.54,47510.73,45835.96,46458.12,46673.34,-1.87%,12:19:00,20:45:00,33071628361.52,878946596803.07,18919118.0
2022-01-02,47680.93,47881.41,46856.94,47345.22,47369.18,-0.7%,17:08:00,18:35:00,27951569547.04,895688387523.14,18918243.0
2022-01-01,46311.74,47827.31,46288.49,47686.81,47057.9,2.97%,17:49:00,00:01:00,24582667004.25,902104193384.61,18917268.0
2021-12-31,47169.37,48472.53,45819.95,46306.45,47146.24,-1.83%,09:14:00,20:01:00,36974172399.58,875939356678.79,18916143.0
2021-12-30,46490.61,47879.97,46060.31,47178.13,46970.14,1.48%,19:32:02,00:21:02,26686491018.4,892386327928.88,18915256.0
2021-12-29,47623.87,48119.74,46201.49,46444.71,47160.62,-2.48%,03:10:13,23:46:02,30049226299.49,878478755241.58,18914506.0
2021-12-28,50679.86,50679.86,47414.21,47588.85,49047.04,-6.1%,00:00:02,22:37:08,33430376883.39,900076230596.97,18913593.0
2021-12-27,50802.61,51956.33,50499.47,50640.42,51227.9,-0.32%,17:43:02,01:13:03,24324345757.98,957746390396.12,18912687.0
2021-12-26,50428.69,51196.38,49623.1,50809.52,50409.74,0.76%,22:40:07,11:49:03,20964372925.86,960899995734.95,18911812.0
2021-12-25,50854.92,51176.6,50236.71,50429.86,50706.66,-0.84%,02:34:02,17:26:02,19030650914.0,953678082632.84,18910981.0
2021-12-24,50806.05,51814.03,50514.49,50822.2,51164.26,0.03%,19:11:02,15:05:02,24367912228.26,961051547919.03,18910075.0
2021-12-23,48626.34,51332.34,48065.84,50784.54,49699.09,4.44%,19:49:04,07:56:02,28223878107.92,960290824999.58,18909118.0
2021-12-22,48937.1,49544.8,48450.94,48628.51,48997.87,-0.63%,02:55:02,13:40:06,24447979558.59,919476035254.11,18908168.0
2021-12-21,46886.08,49300.92,46698.77,48936.61,47999.84,4.37%,12:36:02,01:25:04,27055803927.85,925255868119.28,18907231.0
2021-12-20,46707.06,47401.72,45579.81,46880.28,46490.76,0.37%,21:16:02,14:23:02,30961902128.91,886331446164.87,18906275.0
2021-12-19,46853.87,48089.66,46502.95,46707.01,47296.3,-0.31%,14:02:02,01:31:02,25154053860.63,883011296029.52,18905325.0
2021-12-18,46219.26,47313.83,45598.44,46848.78,46456.14,1.36%,11:00:02,02:06:02,26098292689.86,885650029984.18,18904443.0
2021-12-17,47653.73,48004.89,45618.22,46202.14,46811.56,-3.05%,01:22:02,15:18:02,32902725329.31,873389147689.22,18903650.0
2021-12-16,48900.46,49425.57,47529.88,47665.43,48477.72,-2.53%,11:45:02,23:37:02,27268150946.58,901005821507.54,18902712.0
2021-12-15,48379.75,49473.96,46671.97,48896.72,48072.96,1.07%,20:40:03,16:01:02,36541828519.8,924244252416.86,18901968.0
2021-12-14,46709.82,48431.4,46424.5,46612.63,47427.95,-0.21%,23:54:02,00:18:02,34638619079.14,881018067730.52,18900843.0
2021-12-13,50114.74,50205.0,45894.85,46737.48,48049.92,-6.74%,00:17:02,19:42:02,32166727776.26,883345705454.11,18900156.0
2021-12-12,49354.85,50724.87,48725.85,50098.34,49725.36,1.51%,18:16:02,10:12:02,21939223598.97,946823114554.82,18899293.0
2021-12-11,47264.63,49458.21,46942.35,49362.51,48200.28,4.44%,23:37:02,00:19:02,25775869261.33,932873019895.84,18898412.0
2021-12-10,47642.14,50015.25,47023.7,47243.31,48519.48,-0.84%,13:37:02,23:55:02,30966005122.3,892777676312.29,18897443.0
2021-12-09,50450.08,50797.17,47358.35,47672.12,49077.76,-5.51%,00:16:02,20:46:04,29603577250.59,900835068960.13,18896475.0
2021-12-08,50667.65,51171.38,48765.99,50504.8,49968.68,-0.32%,15:24:02,12:26:02,28479699445.97,954312404510.55,18895481.0
2021-12-07,50581.83,51934.78,50175.81,50700.08,51055.3,0.23%,15:46:02,22:24:02,33676814851.61,957948940989.36,18894425.0
2021-12-06,49413.48,50929.52,47281.04,50582.63,49105.28,2.37%,22:55:02,11:14:02,37707308001.13,955680910791.73,18893462.0
2021-12-05,49201.52,49768.15,47857.5,49368.85,48812.82,0.34%,00:24:02,15:51:02,37198201161.44,932695365142.4,18892387.0
2021-12-04,53727.88,53904.68,42874.62,49200.7,48389.65,-8.43%,00:21:02,05:28:02,61385677468.79,929467386769.69,18891343.0
2021-12-03,56509.17,57482.17,52496.59,53598.25,54989.38,-5.15%,13:34:02,20:20:02,39789134214.89,1012490599978.63,18890368.0
2021-12-02,57217.37,57349.23,55895.13,56477.82,56622.18,-1.29%,15:04:02,03:21:08,32379968685.55,1066829261573.95,18889350.0
2021-12-01,56907.97,59041.69,56553.08,57229.83,57797.38,0.57%,16:18:11,21:08:07,36858195306.81,1080977744339.22,18888362.0
2021-11-30,57830.11,59113.4,56057.28,57005.43,57585.34,-1.43%,15:17:04,06:18:09,36708594617.63,1076689232562.09,18887487.0
2021-11-29,57291.9,58872.88,56792.53,57806.57,57832.7,0.9%,18:28:02,09:56:02,32370840356.0,1091773828973.52,18886675.0
2021-11-28,54813.02,57393.84,53576.74,57248.46,55485.29,4.44%,23:33:02,18:43:02,28116886356.83,1081180416261.97,18885756.0
2021-11-27,53736.43,55329.26,53668.36,54815.08,54498.81,2.01%,08:37:03,00:07:04,30560857714.07,1035176249679.13,18884881.0
2021-11-26,58960.29,59183.48,53569.76,53569.76,56376.62,-9.14%,00:16:02,23:59:02,41810748221.23,1011613083341.81,18884031.0
2021-11-25,57165.42,59367.97,57146.69,57274.68,58257.33,0.19%,16:05:02,00:11:02,34284016247.69,1081500188674.24,18883175.0
2021-11-24,57565.85,57803.07,55964.22,56280.43,56883.64,-2.23%,00:39:02,14:47:02,36635566788.68,1062661698465.23,18882350.0
2021-11-23,56304.56,57875.52,55632.76,57569.07,56754.14,2.25%,21:00:02,09:38:02,37485803898.95,1086985075773.01,18881406.0
2021-11-22,58706.85,59266.36,55679.84,56289.29,57473.1,-4.12%,13:42:02,21:03:02,35036121783.1,1062772703759.45,18880550.0
2021-11-21,59730.51,60004.43,58618.93,58730.48,59311.68,-1.67%,17:02:02,10:43:02,26123447605.05,1108812311532.82,18879675.0
2021-11-20,58115.08,59859.88,57469.73,59697.2,58664.8,2.72%,23:55:02,16:20:02,30624264862.85,1127014430118.11,18878850.0
2021-11-19,56896.13,58351.11,55705.18,58119.58,57028.14,2.15%,17:29:02,03:46:02,38702407772.13,1097177697853.12,18877937.0
2021-11-18,60360.14,60948.5,56550.79,56942.14,58749.64,-5.66%,01:35:02,23:18:02,41388338699.24,1074900976539.29,18877075.0
2021-11-17,60139.62,60823.61,58515.41,60368.01,59669.51,0.38%,12:00:02,10:37:02,39178392930.24,1139519389071.77,18876212.0
2021-11-16,63721.2,63721.2,59016.34,60161.25,61368.77,-5.59%,00:00:02,10:15:02,46844335591.65,1135559300073.25,18875262.0
2021-11-15,65521.29,66281.57,63548.14,63557.87,64914.86,-3.0%,09:15:02,22:21:02,30558763548.22,1199611097093.65,18874312.0
2021-11-14,64455.37,65495.18,63647.81,65466.84,64571.5,1.57%,23:57:02,16:54:02,25122092190.66,1235578996842.01,18873356.0
2021-11-13,64158.12,64915.67,63303.73,64469.53,64109.7,0.49%,16:02:02,10:02:02,30474228777.23,1216695126358.11,18872406.0
2021-11-12,64863.98,65460.81,62333.91,64155.94,63897.36,-1.09%,02:15:02,16:46:02,36084893887.38,1210715199477.56,18871443.0
2021-11-11,64978.89,65579.01,64180.49,64949.96,64879.75,-0.04%,09:30:02,02:42:02,35880633235.64,1225643127559.63,18870575.0
2021-11-10,66953.34,68789.63,63208.11,64995.23,65998.87,-2.92%,14:17:02,21:25:02,48730828378.26,1226431510692.86,18869562.0
2021-11-09,67549.74,68530.34,66382.06,66971.83,67456.2,-0.86%,03:59:02,19:12:02,42357991721.09,1263667113597.4,18868637.0
2021-11-08,63344.07,67673.74,63344.07,67566.83,65508.9,6.67%,23:35:02,00:00:02,41125608330.4,1274831490851.01,18867712.0
2021-11-07,61554.92,63326.99,61432.49,63326.99,62379.74,2.88%,23:59:02,00:34:02,24726754301.5,1194778776481.15,18866818.0
2021-11-06,61068.87,61590.68,60163.78,61527.48,60877.23,0.75%,06:05:02,12:20:02,29094934221.43,1160769349886.67,18865868.0
2021-11-05,61460.08,62541.47,60844.61,61125.67,61693.04,-0.54%,06:11:02,20:41:02,30605102446.15,1153128571127.63,18864881.0
2021-11-04,62941.8,63123.29,60799.66,61452.23,61961.48,-2.37%,00:31:02,18:04:02,32615846901.02,1159231375022.08,18863943.0
2021-11-03,63254.33,63516.94,61184.24,62970.05,62350.59,-0.45%,07:58:02,18:01:02,36124731509.48,1187808286560.22,18863068.0
2021-11-02,60963.25,64242.79,60673.06,63226.4,62457.92,3.71%,16:02:02,00:45:02,37746665647.11,1192577136210.09,18862012.0
2021-11-01,61320.45,62419.0,59695.18,61004.41,61057.09,-0.52%,11:08:02,04:03:02,36150572843.25,1150606762880.22,18861043.0
2021-10-31,61850.49,62406.17,60074.33,61318.96,61240.25,-0.86%,01:20:02,13:38:02,32241199927.48,1156485845063.1,18860168.0
2021-10-30,62239.36,62330.15,60918.39,61888.83,61624.27,-0.56%,00:03:02,14:44:02,32157938615.83,1167178054166.51,18859268.0
2021-10-29,60624.87,62927.61,60329.97,62227.96,61628.79,2.64%,16:19:02,00:17:02,36856881766.69,1173512442368.29,18858281.0
2021-10-28,58470.73,62128.63,58206.92,60622.14,60167.77,3.68%,20:07:02,18:40:02,45257083247.08,1143165999365.16,18857237.0
2021-10-27,60352.0,61435.18,58208.19,58482.39,59821.68,-3.1%,04:39:02,08:10:02,43657076893.23,1102757767323.44,18856237.0
2021-10-26,63032.76,63229.03,59991.16,60363.79,61610.1,-4.23%,00:30:02,22:56:02,34878965587.2,1138177770429.86,18855306.0
2021-10-25,60893.93,63729.33,60691.8,63039.83,62210.56,3.52%,16:54:02,00:08:02,31064911613.92,1188575312422.11,18854356.0
2021-10-24,61368.34,61505.8,59643.35,60930.84,60574.58,-0.71%,00:11:02,16:11:02,27316183881.53,1148743134467.63,18853231.0
2021-10-23,60694.63,61743.88,59826.52,61393.62,60785.2,1.15%,12:40:02,11:03:02,26882546034.26,1157410091262.62,18852287.0
2021-10-22,62237.89,63715.02,60122.8,60692.26,61918.91,-2.48%,09:04:02,16:16:02,38434082774.64,1144131483274.43,18851356.0
2021-10-21,66002.23,66600.55,62117.41,62210.17,64358.98,-5.75%,09:36:02,23:26:02,45908121369.65,1172684282558.37,18850362.0
2021-10-20,64284.59,66930.39,63610.67,65992.84,65270.53,2.66%,14:53:02,05:52:02,40788955581.64,1243927428206.55,18849431.0
2021-10-19,62043.17,64434.53,61622.93,64261.99,63028.73,3.58%,23:43:02,14:27:02,40471196345.95,1211242526570.5,18848506.0
2021-10-18,61548.8,62614.66,60012.76,62026.08,61313.71,0.78%,07:36:02,13:06:02,38055562075.08,1169039169042.88,18847543.0
2021-10-17,60887.65,61645.52,59164.47,61553.62,60405.0,1.09%,23:53:02,20:22:02,29032367510.53,1160077513367.6,18846618.0
2021-10-16,61609.53,62274.48,60206.12,60892.18,61240.3,-1.16%,05:30:02,17:30:02,34250964237.12,1147551202766.88,18845625.0
2021-10-15,57345.9,62757.13,56868.14,61593.95,59812.63,7.41%,20:28:02,01:20:02,51780081800.67,1160726409229.75,18844812.0
2021-10-14,57372.83,58478.74,56957.08,57321.53,57717.91,-0.09%,02:27:02,18:30:02,36615791365.79,1080160001108.42,18843881.0
2021-10-13,56038.26,57688.66,54370.97,57401.1,56029.82,2.43%,21:43:02,09:10:02,41684252783.19,1081611750762.48,18843050.0
2021-10-12,57526.83,57627.88,54477.97,56041.06,56052.92,-2.58%,06:14:02,20:09:02,41083758949.31,1055926265435.37,18842012.0
2021-10-11,54734.12,57793.04,54519.77,57484.79,56156.4,5.03%,19:47:02,00:04:02,42637331697.95,1083079138638.61,18841143.0
2021-10-10,54952.82,56401.3,54264.26,54771.58,55332.78,-0.33%,20:27:02,02:04:02,39527792363.58,1031909532688.09,18840237.0
2021-10-09,53929.78,55397.94,53735.14,54968.22,54566.54,1.93%,13:49:02,00:07:02,32491211414.21,1035558748271.88,18839225.0
2021-10-08,53802.15,55922.98,53688.06,53967.85,54805.52,0.31%,08:39:02,05:08:02,34800873923.86,1016664484565.87,18838337.0
2021-10-07,55338.62,55338.62,53525.47,53805.99,54432.04,-2.77%,00:00:02,16:14:02,36807860412.83,1013573258667.65,18837556.0
2021-10-06,51486.67,55568.46,50488.19,55361.45,53028.32,7.53%,23:37:02,09:45:02,49034730167.78,1042827678808.09,18836712.0
2021-10-05,49174.96,51839.99,49072.84,51514.81,50456.41,4.76%,21:42:02,00:06:02,35873904236.33,970325310417.27,18835850.0
2021-10-04,48208.91,49456.78,47045.0,49112.9,48250.89,1.88%,18:48:02,15:03:02,33383173001.66,925033195573.56,18834831.0
2021-10-03,47680.03,49130.69,47157.29,48199.95,48143.99,1.09%,18:06:02,00:51:02,26638115879.34,907791525235.94,18833868.0
2021-10-02,48137.47,48282.06,47465.5,47711.49,47873.78,-0.88%,13:52:02,03:54:02,30614346491.65,898547418742.88,18832937.0
2021-10-01,43816.74,48436.01,43320.02,48116.94,45878.02,9.81%,22:09:02,02:51:02,42850641581.55,906127699407.78,18831781.0
2021-09-30,41551.27,44092.6,41444.58,43790.9,42768.59,5.39%,19:03:02,00:07:02,31141681925.44,824619217607.52,18830837.0
2021-09-29,41064.98,42545.26,40829.67,41564.36,41687.46,1.22%,12:20:02,00:16:02,30602359904.85,782651228474.32,18829862.0
2021-09-28,42200.9,42775.15,40931.66,41034.54,41853.4,-2.76%,04:24:02,23:52:02,30214940550.45,772639687708.88,18829006.0
2021-09-27,43234.18,44313.25,42190.63,42235.73,43251.94,-2.31%,01:42:02,23:46:02,30980029059.26,795216175345.08,18828043.0
2021-09-26,42721.63,43919.3,40848.46,43208.54,42383.88,1.14%,22:10:02,07:54:02,30661222077.4,813490665612.76,18827081.0
2021-09-25,42840.89,42996.26,41759.92,42716.59,42378.09,-0.29%,10:14:02,08:35:02,31604717235.76,804192450113.33,18826231.0
2021-09-24,44894.3,45080.49,40936.56,42839.75,43008.52,-4.58%,07:47:02,11:19:02,42839345714.34,806470363646.76,18825281.0
2021-09-23,43560.3,44942.17,43109.34,44895.1,44025.76,3.06%,22:55:02,01:03:02,34244064430.34,845122403459.78,18824381.0
2021-09-22,40677.95,43978.62,40625.63,43574.51,42302.12,7.12%,18:23:02,00:47:02,38139709245.54,820218503579.13,18823356.0
2021-09-21,43012.23,43607.61,39787.61,40693.68,41697.61,-5.39%,10:50:02,21:20:02,48701090087.97,765958488766.83,18822543.0
2021-09-20,47261.41,47328.2,42598.92,42843.8,44963.56,-9.35%,00:02:02,23:33:02,43909845642.16,806395852718.37,18821762.0
2021-09-19,48268.86,48328.37,46919.8,47260.22,47624.09,-2.09%,00:05:02,22:48:02,26967722648.45,889472404519.71,18820743.0
2021-09-18,47273.53,48791.78,47087.28,48278.36,47939.53,2.13%,09:20:02,00:48:02,28575630451.13,908584317849.46,18819700.0
2021-09-17,47771.0,48160.92,46832.52,47267.52,47496.72,-1.05%,05:02:02,18:17:02,28727713710.9,889514744351.26,18818731.0
2021-09-16,48158.91,48486.83,47079.56,47783.36,47783.2,-0.78%,07:13:02,20:54:02,31764293754.0,899179151780.33,18817831.0
2021-09-15,47098.0,48450.47,46773.33,48176.35,47611.9,2.29%,23:19:02,06:24:02,30484496466.48,906532479371.11,18816962.0
2021-09-14,44960.05,47218.13,44752.33,47092.49,45985.23,4.74%,22:58:02,00:27:02,38652152880.49,886095283701.37,18816062.0
2021-09-13,46057.22,46598.68,43591.32,44963.07,45095.0,-2.38%,13:46:02,14:20:02,40969943252.55,845980481365.13,18815006.0
2021-09-12,45206.63,46364.88,44790.46,46063.27,45577.67,1.89%,23:15:02,01:25:02,27881980160.72,866636671661.83,18814050.0
2021-09-11,44869.84,45969.29,44818.27,45201.46,45393.78,0.74%,16:42:02,00:05:02,34499835245.04,850381828070.53,18813150.0
2021-09-10,46396.66,47031.74,44344.49,44883.91,45688.12,-3.26%,01:43:03,23:01:02,39154666596.52,844367023726.79,18812243.0
2021-09-09,45774.74,47261.95,45669.74,46391.42,46465.84,1.35%,16:55:03,03:05:03,38672657013.28,872686454371.99,18811375.0
2021-09-08,46827.76,47334.06,44561.39,46091.39,45947.72,-1.57%,02:21:03,08:24:03,49007762487.62,867002908108.75,18810518.0
2021-09-07,52660.48,52853.76,43285.21,46811.13,48069.48,-11.11%,03:22:30,15:10:03,65210059683.34,880498621997.79,18809600.0
2021-09-06,51769.0,52700.94,51053.68,52633.54,51877.31,1.67%,23:34:06,12:04:12,38884105425.88,989965076456.3,18808637.0
2021-09-05,49937.86,51868.68,49538.6,51753.41,50703.64,3.64%,22:58:03,06:23:03,30322676318.63,973354882472.79,18807550.0
2021-09-04,50009.33,50545.58,49548.78,49944.63,50047.18,-0.13%,10:05:03,17:27:03,37471327793.79,939286123132.94,18806550.0
2021-09-03,49288.25,50982.27,48386.09,50025.37,49684.18,1.5%,14:35:03,01:32:03,43206179618.68,940757184680.41,18805600.0
2021-09-02,48807.85,50343.42,48652.32,49327.72,49497.87,1.07%,14:13:03,00:06:50,39508070319.03,927590865738.06,18804656.0
2021-09-01,47099.77,49111.09,46562.44,48847.03,47836.76,3.71%,17:50:05,01:22:57,39139399124.64,918501510157.03,18803631.0
2021-08-31,47024.34,48189.55,46750.09,47166.69,47469.82,0.3%,14:03:10,00:46:17,34730363427.12,886869903602.64,18802887.0
2021-08-30,48834.85,48925.61,46950.27,47054.98,47937.94,-3.64%,00:13:11,23:49:11,31847007016.12,884727824088.59,18802000.0
2021-08-29,48911.25,49644.11,47925.86,48829.83,48784.98,-0.17%,01:16:13,04:06:30,25889650240.45,918057300166.45,18801156.0
2021-08-28,49072.59,49283.51,48499.24,48902.4,48891.38,-0.35%,01:01:06,14:42:12,28568103400.7,919372790254.05,18800156.0
2021-08-27,46894.56,49112.79,46394.28,49058.67,47753.54,4.61%,23:40:08,00:21:13,34511076994.88,922265559163.93,18799237.0
2021-08-26,49002.64,49347.58,46405.78,46942.22,47876.68,-4.2%,00:55:22,12:07:17,32666549568.27,882436522912.52,18798356.0
2021-08-25,47727.26,49202.88,47163.61,48960.79,48183.24,2.58%,22:01:18,09:43:19,32646349930.89,920337950861.22,18797450.0
2021-08-24,49562.35,49878.77,47687.12,47706.12,48782.94,-3.75%,07:08:03,23:53:12,35361168833.64,896704765696.58,18796431.0
2021-08-23,49291.68,50482.08,49074.61,49546.15,49778.34,0.52%,11:56:03,20:07:04,34305053718.87,931244272409.32,18795493.0
2021-08-22,48869.1,49471.61,48199.94,49321.65,48835.78,0.93%,23:21:03,15:01:03,25370975377.73,926961622395.32,18794212.0
2021-08-21,49327.07,49717.02,48312.2,48905.49,49014.61,-0.85%,17:52:03,11:13:03,40585205312.32,919092181742.55,18793231.0
2021-08-20,46723.12,49342.15,46650.71,49339.18,47996.43,5.6%,23:58:03,00:09:03,34706867451.71,927189789031.53,18792162.0
2021-08-19,44741.88,46970.76,43998.32,46717.58,45484.54,4.42%,23:02:03,04:19:03,37204312298.94,877875534875.42,18791118.0
2021-08-18,44686.75,45952.06,44364.03,44801.19,45158.04,0.26%,16:53:03,01:16:03,32194123075.34,841823296232.89,18790200.0
2021-08-17,45936.46,47139.57,44512.42,44695.36,45826.0,-2.7%,11:47:03,22:28:03,33451362599.74,839796717682.57,18789350.0
2021-08-16,47019.96,47998.1,45700.32,46004.48,46849.21,-2.16%,03:00:03,20:24:03,32776876609.7,864345726182.62,18788293.0
2021-08-15,47096.67,47357.11,45579.59,47047.0,46468.35,-0.11%,01:35:03,13:46:03,30988958445.96,883882942187.64,18787231.0
2021-08-14,47810.69,48098.68,46177.63,47096.95,47138.16,-1.49%,09:44:03,11:03:03,31211354441.65,884769956069.2,18786143.0
2021-08-13,44439.69,47831.98,44282.42,47793.32,46057.2,7.55%,23:58:03,00:19:03,31744259538.78,897802604441.08,18785106.0
2021-08-12,45576.88,46228.91,43861.45,44428.29,45045.18,-2.52%,03:32:03,16:32:03,33723620826.37,834546790666.29,18784131.0
2021-08-11,45599.7,46735.63,45351.71,45593.64,46043.67,-0.01%,15:31:03,02:48:03,34319709072.92,856398622621.77,18783293.0
2021-08-10,46280.85,46637.99,44705.56,45585.03,45671.77,-1.5%,00:08:03,16:34:03,33546019517.4,856195142352.03,18782375.0
2021-08-09,43791.93,46456.83,42848.69,46365.4,44652.76,5.88%,18:49:03,01:15:03,38734079049.1,870805373889.23,18781362.0
2021-08-08,44574.44,45282.35,43331.91,43798.12,44307.13,-1.74%,06:43:03,19:18:03,36302664749.76,822545074286.19,18780375.0
2021-08-07,42832.8,44689.86,42618.57,44555.8,43654.22,4.02%,23:57:03,16:21:03,40030862141.25,836730623771.7,18779387.0
2021-08-06,40865.87,43271.66,39932.18,42816.5,41601.92,4.77%,17:46:03,04:27:03,38226483045.67,804022903682.01,18778343.0
2021-08-05,39744.51,41341.93,37458.0,40869.55,39399.96,2.83%,19:13:03,12:47:03,35185031016.54,767423192906.2,18777381.0
2021-08-04,38213.33,39952.3,37589.17,39747.51,38770.74,4.01%,22:27:05,08:51:09,25372562723.91,746313542791.34,18776362.0
2021-08-03,39178.4,39750.03,37782.05,38152.98,38766.04,-2.62%,00:46:23,18:09:36,26189830449.73,716341544144.93,18775506.0
2021-08-02,39907.26,40419.18,38746.35,39201.95,39582.76,-1.77%,07:09:33,20:50:06,25595265436.38,735995665488.55,18774468.0
2021-08-01,41460.84,42541.68,39540.94,39974.9,41041.31,-3.58%,03:58:23,23:29:06,26688438115.4,750472428208.37,18773593.0
2021-07-31,42196.3,42231.45,41110.83,41626.2,41671.14,-1.35%,00:00:36,17:37:23,25802845343.24,781431379811.19,18772587.0
2021-07-30,40027.48,42235.55,38397.35,42235.55,40316.45,5.52%,23:59:06,09:29:09,33072782960.21,792829863258.04,18771625.0
2021-07-29,39995.45,40593.07,39352.06,40008.42,39972.56,0.03%,09:48:03,01:25:03,27167146026.5,750980784072.42,18770568.0
2021-07-28,39503.19,40816.07,38862.44,39995.91,39839.26,1.25%,11:36:03,18:01:03,38702404695.37,750706646106.7,18769587.0
2021-07-27,37276.04,39406.94,36441.73,39406.94,37924.34,5.72%,23:59:03,03:05:03,35097370560.07,739612127373.17,18768575.0
2021-07-26,35384.03,40499.68,35287.31,37337.53,37893.49,5.52%,19:26:03,00:04:18,51022126212.27,700734471386.38,18767562.0
2021-07-25,34290.29,35364.93,33881.84,35350.19,34623.38,3.09%,23:57:11,14:28:16,20856685287.16,663401935102.73,18766575.0
2021-07-24,33593.73,34490.39,33424.86,34292.45,33957.62,2.08%,17:09:05,00:12:13,21664706865.41,643518528650.53,18765606.0
2021-07-23,32305.96,33581.55,32057.89,33581.55,32819.72,3.95%,23:59:07,17:15:17,22552046192.46,630147722704.14,18764700.0
2021-07-22,32138.87,32576.4,31745.3,32313.11,32160.85,0.54%,16:03:16,11:14:16,19555230517.6,606316858335.4,18763806.0
2021-07-21,29796.29,32752.33,29526.18,32110.69,31139.26,7.77%,18:14:05,01:17:18,28203024558.74,602489309201.6,18762887.0
2021-07-20,30838.29,31006.19,29360.96,29807.35,30183.57,-3.34%,00:18:03,14:18:13,23148267244.64,559244324356.11,18761962.0
2021-07-19,31800.01,31885.86,30563.74,30817.83,31224.8,-3.09%,05:49:03,14:07:03,20434789544.65,578178147283.49,18761156.0
2021-07-18,31533.88,32399.0,31215.49,31796.81,31807.25,0.83%,01:34:03,14:42:03,18787986666.5,596513309276.78,18760162.0
2021-07-17,31397.31,31935.94,31223.99,31533.07,31579.96,0.43%,08:46:03,04:07:03,18895018941.74,591536476391.97,18759243.0
2021-07-16,31841.55,32218.41,31100.67,31421.54,31659.54,-1.32%,16:35:03,11:45:03,23699476918.2,589415807378.21,18758337.0
2021-07-15,32827.87,33159.64,31175.71,31780.73,32167.68,-3.19%,01:03:03,17:54:03,21300524236.7,596124462728.63,18757418.0
2021-07-14,32723.85,33061.4,31639.12,32822.35,32350.26,0.3%,18:40:03,09:01:03,21376531209.58,615635042691.74,18756581.0
2021-07-13,33125.47,33327.1,32261.42,32702.03,32794.26,-1.28%,10:01:03,20:03:03,19120856668.82,613343664759.66,18755525.0
2021-07-12,34254.02,34592.16,32697.31,33155.85,33644.74,-3.21%,04:23:03,20:07:03,24321499537.02,621827984939.73,18754700.0
2021-07-11,33509.08,34584.7,33346.74,34240.19,33965.72,2.18%,22:02:03,04:32:03,20108729370.08,642138104626.48,18753931.0
2021-07-10,33811.24,34209.07,33116.01,33520.52,33662.54,-0.86%,00:44:03,20:17:03,22971873467.75,628615338753.45,18753150.0
2021-07-09,32861.67,34042.29,32318.88,33798.01,33180.58,2.85%,22:43:03,01:13:03,27436021028.14,633784072786.63,18752112.0
2021-07-08,33889.61,33907.91,32133.18,32877.37,33020.54,-2.99%,00:02:03,11:05:03,29910396945.88,616492852697.27,18751281.0
2021-07-07,34225.68,34997.66,33839.29,33855.33,34418.48,-1.08%,12:41:03,23:58:03,24796027476.65,634802817185.2,18750456.0
2021-07-06,33723.51,35038.54,33599.92,34235.19,34319.23,1.52%,08:59:03,17:16:03,26501259869.76,641899161593.76,18749687.0
2021-07-05,35284.34,35284.34,33213.66,33746.0,34249.0,-4.36%,00:00:03,17:44:03,26721554282.07,632696207199.7,18748775.0
2021-07-04,34665.56,35937.57,34396.48,35287.78,35167.02,1.79%,21:57:03,01:25:03,24924307911.11,661574836314.86,18747987.0
2021-07-03,33854.42,34909.26,33402.7,34668.55,34155.98,2.4%,17:45:03,03:47:03,24383958643.26,649939701346.23,18747243.0
2021-07-02,33549.6,33939.59,32770.68,33897.05,33355.13,1.04%,00:13:03,06:18:03,38728974942.25,635450784106.09,18746493.0
2021-07-01,35035.98,35035.98,32883.78,33572.12,33959.88,-4.18%,00:00:04,19:37:03,37838957079.15,629339325297.74,18745893.0
2021-06-30,35908.39,36074.76,34086.15,35040.84,35080.46,-2.42%,00:34:03,16:06:03,34059036099.04,656852513237.54,18745343.0
2021-06-29,34475.56,36542.11,34252.48,35867.78,35397.3,4.04%,17:34:03,03:04:03,37901460044.3,672333423401.87,18744775.0
2021-06-28,34679.12,35219.89,33902.08,34434.34,34560.98,-0.71%,07:48:03,12:02:03,33892523752.03,645442759493.21,18744162.0
2021-06-27,32287.52,34656.13,32071.76,34649.64,33363.94,7.32%,23:56:03,00:07:03,35511640893.97,649461677014.12,18743675.0
2021-06-26,31594.66,32637.59,30184.5,32186.28,31411.04,1.87%,05:05:03,08:19:03,38585385521.38,603276028308.72,18743268.0
2021-06-25,34659.1,35487.25,31350.88,31637.78,33419.06,-8.72%,02:16:03,22:53:03,40230904226.0,592978211189.03,18742725.0
2021-06-24,33682.8,35228.85,32385.21,34662.44,33807.03,2.91%,18:01:03,02:34:03,33123368116.18,649643997441.37,18742018.0
2021-06-23,32515.71,34753.41,31772.63,33723.03,33263.02,3.71%,13:16:03,00:19:03,46317108924.69,632011278436.38,18741381.0
2021-06-22,31622.38,33292.45,28893.62,32505.66,31093.03,2.79%,18:45:03,13:56:03,58964353058.3,609180639389.88,18740756.0
2021-06-21,35641.15,35721.64,31295.94,31676.69,33508.79,-11.12%,00:03:03,23:00:03,52809038593.79,593627575886.55,18740200.0
2021-06-20,35563.14,36059.48,33432.08,35698.3,34745.78,0.38%,20:31:03,12:24:03,36664034054.41,668968868769.75,18739518.0
2021-06-19,35854.53,36457.8,34933.06,35615.87,35695.43,-0.67%,12:16:03,03:49:03,31207279718.5,667400859260.87,18738862.0
2021-06-18,38099.48,38187.26,35255.85,35787.24,36721.56,-6.07%,00:18:03,18:58:03,36200887274.95,670589444850.86,18738225.0
2021-06-17,38341.42,39513.67,37439.67,38053.5,38476.67,-0.75%,09:58:03,20:07:03,37096670046.76,713025631757.51,18737450.0
2021-06-16,40168.69,40516.78,38176.03,38347.06,39346.4,-4.53%,06:47:03,23:27:03,39211635099.63,718494773611.53,18736631.0
2021-06-15,40427.17,41295.27,39609.47,40406.27,40452.37,-0.05%,18:15:03,09:10:03,46420149185.33,757029874724.96,18735862.0
2021-06-14,39016.97,40978.36,38757.28,40218.48,39867.82,3.08%,14:31:05,03:45:03,43148914673.17,753471062533.64,18734987.0
2021-06-13,35555.79,39322.78,34864.11,39097.86,37093.44,9.96%,20:59:03,04:04:03,40669112837.87,732465659891.78,18734162.0
2021-06-12,37340.14,37408.93,34728.19,35552.52,36068.56,-4.79%,00:08:03,10:25:03,37924228550.01,666018173753.46,18733362.0
2021-06-11,36697.03,37608.69,36044.45,37334.4,36826.57,1.74%,10:45:03,02:18:03,38699736985.32,699368729838.32,18732556.0
2021-06-10,37389.52,38334.33,35847.59,36702.6,37090.96,-1.84%,10:09:03,20:34:03,43576032853.66,687509421226.28,18731900.0
2021-06-09,33416.98,37537.37,32475.87,37345.12,35006.62,11.75%,23:41:03,02:19:03,53972919007.62,699516138697.97,18731125.0
2021-06-08,33589.52,34017.39,31114.44,33472.63,32565.92,-0.35%,00:17:03,15:25:03,49902050441.89,626954944878.53,18730375.0
2021-06-07,35835.27,36790.57,33480.64,33560.71,35135.6,-6.35%,01:49:03,23:55:03,33683936663.24,628572961758.53,18729431.0
2021-06-06,35538.61,36436.42,35304.58,35862.38,35870.5,0.91%,06:01:03,22:35:03,28913440584.92,671652557855.14,18728612.0
2021-06-05,36880.16,37917.71,34900.41,35551.96,36409.06,-3.6%,07:21:03,21:37:03,35959473399.07,665804639832.8,18727650.0
2021-06-04,39242.49,39242.49,35717.72,36894.41,37480.1,-5.98%,00:00:03,12:11:03,41831090186.61,690915072092.8,18726825.0
2021-06-03,37599.41,39478.95,37243.97,39208.77,38361.46,4.28%,10:21:03,02:33:03,35460750427.01,734224332239.42,18726025.0
2021-06-02,36699.92,38231.34,35966.31,37575.18,37098.82,2.38%,15:24:03,01:12:16,33070867189.76,703599671425.41,18725118.0
2021-06-01,37293.79,37896.74,35787.09,36684.92,36841.91,-1.63%,00:58:03,17:14:03,34639423297.36,686891021224.93,18724068.0
2021-05-31,35658.59,37468.25,34241.94,37332.85,35855.1,4.7%,23:41:03,04:23:03,39009847639.28,698990486184.97,18723200.0
2021-05-30,34607.41,36400.67,33520.74,35678.13,34960.7,3.09%,12:01:03,00:43:03,31646080921.32,667976638398.15,18722300.0
2021-05-29,35684.16,37234.5,33693.93,34616.07,35464.21,-2.99%,05:27:03,18:15:03,45231013334.6,648061013207.76,18721393.0
2021-05-28,38507.08,38856.97,34779.04,35697.61,36818.01,-7.3%,00:20:03,21:28:03,55200191951.77,668283930066.56,18720693.0
2021-05-27,39316.89,40379.62,37247.9,38436.97,38813.76,-2.24%,13:29:03,03:19:03,43210968720.58,719538129127.79,18719950.0
2021-05-26,38392.62,40782.08,37905.83,39294.2,39343.96,2.35%,08:03:03,00:31:03,51346735160.35,735556411166.13,18719212.0
2021-05-25,38795.78,39776.35,36581.43,38402.22,38178.89,-1.01%,00:43:03,12:01:03,56211915803.14,718829377408.47,18718431.0
2021-05-24,34700.36,39835.14,34551.08,38705.98,37193.11,11.54%,20:02:03,04:43:03,67359584098.36,724332072423.59,18713700.0
2021-05-23,37531.45,38289.22,31227.34,34770.58,34758.28,-7.36%,00:51:03,16:44:03,78469274360.73,650686270744.28,18713700.0
2021-05-22,37371.03,38831.05,35383.68,37536.63,37107.37,0.44%,13:35:03,05:31:03,57377273240.44,702449253648.34,18713700.0
2021-05-21,40596.95,42172.17,33616.45,37304.69,37894.31,-8.11%,00:44:03,21:20:03,82051616861.13,698108789816.73,18713700.0
2021-05-20,36753.67,42462.98,35050.62,40782.74,38756.8,10.96%,13:22:03,00:54:03,88281943358.63,763195929021.93,18713700.0
2021-05-19,42944.98,43546.12,30681.5,37002.44,37113.81,-13.84%,00:14:03,13:10:03,126358098746.69,692452570146.78,18713700.0
2021-05-18,43488.06,45812.46,42367.83,42909.4,44090.14,-1.33%,06:16:03,23:10:03,56187365083.94,802974346862.95,18713250.0
2021-05-17,46415.9,46623.56,42207.29,43537.51,44415.42,-6.2%,00:02:03,17:26:03,74903638449.84,814701646509.05,18712637.0
2021-05-16,46716.64,49720.04,43963.35,46456.06,46841.7,-0.56%,10:48:03,20:52:03,64047871555.0,869279076502.07,18711856.0
2021-05-15,49855.49,50639.67,46664.14,46760.19,48651.9,-6.21%,02:00:03,23:53:03,59161047474.43,874931019742.08,18711025.0
2021-05-14,49682.98,51438.12,48868.58,49880.53,50153.35,0.4%,15:28:03,04:45:03,55737497452.61,933276901264.97,18710243.0
2021-05-13,49735.43,51330.84,46980.02,49716.19,49155.43,-0.04%,07:00:03,00:04:03,96721152925.69,930161010060.1,18709418.0
2021-05-12,56714.53,57939.36,49150.53,49150.53,53544.94,-13.34%,04:15:03,23:59:03,75215403906.65,919527847949.71,18708400.0
2021-05-11,55847.24,56872.54,54608.65,56704.57,55740.6,1.54%,20:59:03,02:59:03,61308396325.32,1060790877191.62,18707325.0
2021-05-10,58250.87,59519.35,54071.46,55859.8,56795.4,-4.1%,04:07:03,20:06:03,71776546298.3,1044927337817.5,18706250.0
2021-05-09,58877.39,59210.88,56482.0,58232.32,57846.44,-1.1%,01:48:03,13:00:03,65906690347.3,1089244557675.56,18705156.0
2021-05-08,57352.77,59464.61,56975.21,58803.78,58219.91,2.53%,20:30:03,00:13:03,65382980633.81,1099863941004.24,18703968.0
2021-05-07,56413.95,58606.63,55321.85,57356.4,56964.24,1.67%,17:07:03,04:39:03,68434023376.24,1072727435210.46,18702837.0
2021-05-06,57441.31,58363.31,55382.51,56396.51,56872.91,-1.82%,10:24:03,19:19:03,69523285105.78,1054714918674.96,18701775.0
2021-05-05,53252.16,57911.36,52969.06,57424.01,55440.21,7.83%,16:04:03,00:03:03,69241316746.83,1073873012866.68,18700768.0
2021-05-04,57214.18,57214.18,53191.43,53333.54,55202.8,-6.78%,00:00:04,23:56:03,68564706967.26,997324142593.09,18699756.0
2021-05-03,56620.27,58973.31,56590.87,57200.29,57782.09,1.02%,08:38:03,00:05:03,51713139031.03,1069563935453.09,18698575.0
2021-05-02,57825.86,57902.59,56141.91,56631.08,57022.25,-2.07%,00:04:03,09:34:03,38177405335.16,1058862005057.49,18697543.0
2021-05-01,57714.66,58448.34,57052.27,57828.05,57750.3,0.2%,01:55:03,15:29:03,42836427359.73,1081174515342.54,18696368.0
2021-04-30,53568.66,57900.72,53129.6,57750.18,55515.16,7.81%,23:51:03,00:19:03,52395931984.68,1079669884319.7,18695525.0
2021-04-29,54858.09,55115.84,52418.03,53555.11,53766.94,-2.38%,00:12:03,20:09:03,46088929779.74,1001193634071.78,18694643.0
2021-04-28,55036.64,56227.21,53887.92,54824.7,55057.56,-0.39%,20:07:03,06:38:03,48000572954.78,1024888208734.36,18693912.0
2021-04-27,54030.3,55416.96,53319.19,55033.12,54368.08,1.86%,21:50:03,04:19:03,49448222756.59,1028733359592.48,18692987.0
2021-04-26,49077.79,54288.0,48852.8,54021.75,51570.4,10.07%,19:03:03,00:05:03,58284039824.62,1009780042661.05,18692100.0
2021-04-25,50052.83,50506.02,47159.49,49004.25,48832.76,-2.09%,15:20:03,21:43:03,46117114240.1,915955943256.31,18691356.0
2021-04-24,51143.23,51167.56,48805.28,50050.87,49986.42,-2.14%,00:01:03,11:56:03,49014494780.62,935471648213.36,18690418.0
2021-04-23,51739.81,52120.79,47714.66,51093.65,49917.73,-1.25%,00:19:03,08:10:03,86668667320.38,954919230091.93,18689587.0
2021-04-22,53857.11,55410.23,50583.81,51762.27,52997.02,-3.89%,12:37:03,21:12:03,74798630777.5,967372472375.28,18688756.0
2021-04-21,56471.13,56757.97,53695.47,53906.09,55226.72,-4.54%,00:24:03,23:12:03,54926612465.71,1007389534360.43,18687862.0
2021-04-20,55681.79,57062.15,53448.05,56473.03,55255.1,1.42%,22:02:03,07:38:03,67849323955.2,1055323526514.09,18687212.0
2021-04-19,56191.58,57520.05,54368.59,55724.27,55944.32,-0.83%,08:04:03,15:48:03,65344865158.77,1041287672153.73,18686431.0
2021-04-18,60701.89,61057.46,52829.54,56216.19,56943.5,-7.39%,00:17:03,03:36:03,97468872758.37,1050445401609.72,18685818.0
2021-04-17,61529.92,62572.18,60361.35,60683.82,61466.76,-1.38%,03:45:03,18:02:03,66138759198.01,1133882479236.77,18685087.0
2021-04-16,63258.51,63594.72,60222.53,61572.79,61908.62,-2.66%,00:51:03,11:21:03,84293007467.97,1150457156739.61,18684506.0
2021-04-15,63075.2,63821.67,62208.96,63314.01,63015.32,0.38%,21:43:03,11:09:03,60954381579.31,1182945492744.41,18683787.0
2021-04-14,63523.75,64863.1,61554.8,63109.7,63208.95,-0.65%,11:44:03,19:33:03,77451779687.04,1179061093980.42,18682725.0
2021-04-13,59890.02,63742.28,59869.96,63503.46,61806.12,6.03%,16:04:03,00:03:03,69983454361.84,1186364044140.27,18681881.0
2021-04-12,60175.94,61253.04,59589.87,59893.45,60421.46,-0.47%,07:33:03,10:40:04,51828688519.48,1118871072068.9,18681025.0
2021-04-11,59846.23,60790.56,59289.8,60204.96,60040.18,0.6%,03:06:03,13:35:04,46280252580.42,1124635848775.45,18680118.0
2021-04-10,58253.78,61276.67,58038.71,59793.24,59657.69,2.64%,05:02:03,00:43:03,58238470525.26,1116889802872.23,18679200.0
2021-04-09,58326.56,58937.05,57807.86,58245.0,58372.46,-0.14%,11:32:03,08:37:03,46655208545.71,1087911057869.8,18678187.0
2021-04-08,56099.91,58338.74,55879.08,58323.95,57108.91,3.96%,23:49:03,00:08:03,53053855641.35,1089334328138.76,18677306.0
2021-04-07,58186.51,58731.14,55604.02,56048.94,57167.58,-3.67%,06:04:03,19:21:08,75645303583.61,1046793054752.58,18676412.00000052
2021-04-06,59171.93,59479.58,57646.81,58192.36,58563.2,-1.66%,01:02:03,14:32:03,66058027987.88,1086769183294.56,18675462.000000477
2021-04-05,58760.87,59891.3,57694.83,59057.88,58793.06,0.51%,16:04:03,06:26:03,60706272114.62,1102880790089.18,18674575.0
2021-04-04,57604.84,58913.75,57168.68,58758.56,58041.22,2.0%,14:08:03,01:06:03,50749662969.7,1097232660348.16,18673581.0
2021-04-03,59397.41,60110.27,57603.89,57603.89,58857.08,-3.02%,08:16:03,23:59:03,59641344483.62,1075617261180.33,18672650.0
2021-04-02,59098.88,60267.19,58869.28,59384.31,59568.24,0.48%,02:37:03,00:56:03,58727860620.12,1108813863082.86,18671831.0
2021-04-01,58926.56,59586.07,58505.28,59095.81,59045.68,0.29%,08:29:03,11:26:03,61669163792.39,1103377830758.3,18671000.0
2021-03-31,58930.28,59930.03,57726.42,58918.83,58828.22,-0.02%,06:57:03,08:09:03,65520826225.39,1100016786762.56,18670037.0
2021-03-30,57750.13,59447.22,57251.55,58917.69,58349.38,2.02%,12:09:03,04:05:03,54414116432.02,1099939890804.41,18669093.0
2021-03-29,55947.9,58342.1,55139.34,57750.2,56740.72,3.22%,12:13:03,05:44:03,57625587027.04,1078088296476.71,18668131.0
2021-03-28,55974.94,56610.31,55071.11,55950.75,55840.71,-0.04%,09:13:03,19:19:03,47686580917.99,1044446559059.06,18667250.0
2021-03-27,55137.57,56568.22,54242.91,55973.51,55405.56,1.52%,22:02:03,12:53:03,47266542233.37,1044814147411.6,18666225.0
2021-03-26,51683.01,55137.31,51579.86,55137.31,53358.58,6.68%,23:59:03,00:01:03,56652197977.51,1029150697411.15,18665231.0
2021-03-25,52726.75,53392.39,50856.57,51704.16,52124.48,-1.94%,06:22:03,12:40:03,67999812841.02,965028762665.7,18664431.0
2021-03-24,54710.49,57262.38,52514.33,52774.26,54888.36,-3.54%,13:38:03,22:26:06,70567223786.51,984948142897.89,18663418.0
2021-03-23,54511.66,55985.44,53470.69,54738.94,54728.06,0.42%,18:31:05,06:25:03,56435023913.75,1021563479682.18,18662462.0
2021-03-22,57517.89,58471.48,54288.16,54529.15,56379.82,-5.2%,10:22:03,22:07:03,56521454974.29,1017595269117.06,18661493.0
2021-03-21,58309.91,58767.9,56005.62,57523.42,57386.76,-1.35%,00:35:03,10:02:03,51943414539.37,1073417235408.43,18660525.0
2021-03-20,58332.26,60031.29,58213.3,58313.64,59122.3,-0.03%,13:25:04,00:13:03,50361731221.71,1088105221977.52,18659531.0
2021-03-19,57850.44,59498.38,56643.7,58346.65,58071.04,0.86%,20:19:03,00:25:03,49063873785.5,1088666450746.46,18658593.0
2021-03-18,58893.08,60116.25,54253.58,57858.92,57184.92,-1.76%,16:40:04,13:34:03,55746041000.38,1079511086884.33,18657643.0
2021-03-17,56825.83,58969.82,54528.63,58870.89,56749.22,3.6%,22:16:08,12:16:04,60258313191.17,1098337655326.54,18656718.0
2021-03-16,55840.79,56833.18,53555.03,56804.9,55194.1,1.73%,22:26:34,01:07:38,59749798598.67,1059745818423.03,18655887.0
2021-03-15,59267.43,60540.99,55393.17,55907.2,57967.08,-5.67%,04:04:38,12:22:38,66419369889.68,1042946024859.64,18654950.0
2021-03-14,61221.13,61597.92,59302.32,59302.32,60450.12,-3.13%,00:28:38,23:59:38,43901225563.85,1106226132524.59,18654012.0
2021-03-13,57343.37,61683.86,56217.97,61243.08,58950.92,6.8%,20:44:38,01:28:40,60669829814.23,1142369158666.94,18653031.0
2021-03-12,57821.22,57996.62,55376.65,57332.09,56686.64,-0.85%,00:04:38,13:33:39,55689944702.29,1069366321843.62,18652143.0
2021-03-11,55963.18,58091.06,54484.59,57805.12,56287.82,3.29%,23:07:53,08:20:55,56772343594.84,1078135604117.97,18651212.0
2021-03-10,54824.01,57258.25,53290.89,56008.55,55274.57,2.16%,19:22:48,05:14:37,57295577613.75,1044580057477.4,18650368.0
2021-03-09,52272.97,54824.12,51981.83,54824.12,53402.98,4.88%,23:59:38,00:58:37,50912227384.88,1022439972862.18,18649456.0
2021-03-08,51174.12,52314.07,49506.05,52246.52,50910.06,2.1%,23:52:39,08:20:54,48597428048.17,974321883623.25,18648550.0
2021-03-07,48918.68,51384.37,48918.68,51206.69,50151.52,4.68%,23:56:56,00:00:39,43137459377.73,954880954584.64,18647581.0
2021-03-06,48899.23,49147.22,47257.53,48912.38,48202.38,0.03%,00:31:38,13:31:44,34363564660.53,912054166028.5,18646693.0
2021-03-05,48527.03,49396.43,46542.51,48927.3,47969.47,0.82%,20:04:42,01:29:37,48625928883.43,912285065720.02,18645725.0
2021-03-04,50522.31,51735.09,47656.93,48561.17,49696.01,-3.88%,02:11:49,20:13:59,52343816679.73,905414104807.24,18644818.0
2021-03-03,48415.81,52535.14,48274.32,50538.24,50404.73,4.38%,13:03:41,00:08:37,53220811974.56,942236576904.51,18644031.0
2021-03-02,49612.11,50127.51,47228.85,48378.99,48678.18,-2.49%,00:25:38,20:49:36,47530897720.12,901933683269.16,18643087.0
2021-03-01,45159.5,49784.02,45115.09,49631.24,47449.55,9.9%,23:53:42,00:07:36,53891300112.16,925235527882.27,18642200.0
2021-02-28,46194.02,46716.43,43241.62,45137.77,44979.02,-2.29%,01:25:38,18:01:48,53443887450.79,841428977514.57,18641350.0
2021-02-27,46344.77,48253.27,45269.03,46188.45,46761.15,-0.34%,06:47:37,23:29:36,45910946381.8,860978135421.44,18640550.0
2021-02-26,47180.46,48370.79,44454.84,46339.76,46412.82,-1.78%,17:04:36,07:46:37,350967941479.06,863752275053.08,18639550.0
2021-02-25,49709.08,51948.97,47093.85,47093.85,49521.41,-5.26%,13:13:42,23:59:36,54506565949.11,877766126138.33,18638656.0
2021-02-24,48835.09,51290.14,47213.5,49705.33,49251.82,1.78%,04:16:47,00:28:37,63695521388.34,926393090750.51,18637700.0
2021-02-23,54204.93,54204.93,45290.59,48824.43,49747.76,-9.93%,00:00:38,11:46:44,106102492824.11,909925854460.21,18636693.0
2021-02-22,57532.74,57533.39,48967.57,54207.32,53250.48,-5.78%,00:01:43,14:19:37,92052420331.57,1010205212981.29,18635956.0
2021-02-21,56068.57,58330.57,55672.61,57539.94,57001.59,2.62%,19:09:40,00:16:37,51897585190.58,1072263294724.94,18635112.0
2021-02-20,55887.34,57505.23,54626.56,56099.52,56065.9,0.38%,12:47:43,22:43:37,68145460025.92,1045371087640.23,18634225.0
2021-02-19,51675.98,56113.65,50937.28,55888.13,53525.46,8.15%,21:29:36,02:34:40,63495496917.85,1041380696669.48,18633306.0
2021-02-18,52140.97,52474.11,51015.76,51679.8,51744.94,-0.88%,00:25:38,12:16:37,52054723578.67,962915078024.48,18632331.0
2021-02-17,49207.28,52533.91,49072.38,52149.01,50803.14,5.98%,21:37:36,01:01:41,80820545404.32,971611626454.28,18631450.0
2021-02-16,47944.46,50341.1,47201.3,49199.87,48771.2,2.62%,12:36:38,00:37:42,77049582885.51,916623418253.64,18630606.0
2021-02-15,48696.54,48875.57,46347.48,47945.06,47611.52,-1.54%,00:49:42,02:34:42,77069903166.39,893210080038.98,18629868.0
2021-02-14,47114.51,49487.64,47114.51,48717.29,48301.08,3.4%,12:17:42,00:00:37,71248675228.22,907551330153.22,18628937.0
2021-02-13,47491.2,48047.74,46392.28,47105.52,47220.01,-0.81%,03:11:35,11:54:42,70250456155.05,877478894463.66,18627943.0
2021-02-12,47877.03,48745.73,46424.98,47504.85,47585.36,-0.78%,00:22:41,14:49:41,76555041195.79,884874050611.84,18627025.0
2021-02-11,44898.71,48463.47,44187.76,47909.33,46325.62,6.71%,20:33:42,01:15:37,81388911809.85,892364856135.99,18626118.0
2021-02-10,46469.76,47145.57,43881.15,44918.18,45513.36,-3.34%,10:22:36,15:51:09,87301089896.44,836616907526.53,18625350.0
2021-02-09,46184.99,48003.72,45166.96,46481.1,46585.34,0.64%,07:01:36,13:04:41,91809846885.69,865682956618.92,18624406.0
2021-02-08,38886.83,46203.93,38076.32,46196.46,42140.12,18.8%,23:58:41,04:01:40,101467222686.67,860342706259.7,18623562.0
2021-02-07,39250.19,39621.84,37446.15,38903.44,38533.99,-0.88%,09:55:50,16:19:36,65500641143.12,724478833211.11,18622487.0
2021-02-06,38138.39,40846.55,38138.39,39266.01,39492.47,2.96%,16:02:41,00:00:37,71326033652.98,731192490092.84,18621512.0
2021-02-05,36931.55,38225.91,36658.76,38144.31,37442.34,3.28%,14:01:43,02:01:41,58598066402.24,710266752533.8,18620518.0
2021-02-04,37475.1,38592.18,36317.5,36926.06,37454.84,-1.47%,08:31:39,15:27:41,68838074391.61,687542752523.24,18619443.0
2021-02-03,35510.82,37480.19,35443.98,37472.09,36462.09,5.52%,23:41:48,00:07:39,61166818158.83,697672910488.43,18618468.0
2021-02-02,33533.2,35896.88,33489.22,35510.29,34693.05,5.9%,20:11:19,00:02:39,63088585433.12,661114581663.76,18617550.0
2021-02-01,33114.58,34638.21,32384.23,33537.18,33511.22,1.28%,09:07:36,00:30:43,61400400660.27,624349044409.12,18616625.0
2021-01-31,34270.88,34288.33,32270.18,33114.36,33279.26,-3.37%,00:07:38,18:01:44,52754542671.38,616452744533.29,18615875.0
2021-01-30,34295.94,34834.71,32940.19,34269.52,33887.45,-0.08%,01:28:35,03:52:38,65141828798.26,637924573283.79,18614925.0
2021-01-29,34318.67,38406.26,32064.81,34316.39,35235.54,-0.01%,13:58:37,07:35:47,117894572510.68,638768671361.87,18614100.0
2021-01-28,30441.04,33858.31,30023.21,33466.1,31940.76,9.94%,23:24:33,00:25:42,76517157706.32,622910073819.62,18613168.0
2021-01-27,32564.03,32564.03,29367.14,30432.55,30965.58,-6.55%,00:00:43,14:53:41,62576762015.47,566417413553.9666,18612225.0
2021-01-26,32358.61,32794.55,31030.27,32569.85,31912.41,0.65%,23:04:40,14:49:42,60255421470.41,606169260386.9784,18611362.0
2021-01-25,32285.8,34802.74,32087.79,32366.39,33445.26,0.25%,14:13:38,22:32:42,59897054837.94,602350097075.4393,18610356.0
2021-01-24,32064.38,32944.01,31106.69,32289.38,32025.35,0.7%,05:08:39,19:34:41,48643830599.36,600888568009.5015,18609481.0
2021-01-23,32985.76,33360.98,31493.16,32067.64,32427.07,-2.78%,06:01:37,13:07:41,48354737975.29,596733137645.0635,18608575.0
2021-01-22,30817.63,33811.85,28953.37,33005.76,31382.61,7.1%,20:31:42,01:19:41,77207272511.13,614160521491.5516,18607675.0
2021-01-21,35549.4,35552.68,30250.75,30825.7,32901.71,-13.29%,00:02:35,22:41:48,75643067687.74,573565664943.0017,18606737.0
2021-01-20,36050.11,36378.33,33570.48,35547.75,34974.4,-1.39%,01:05:41,16:07:36,66834573161.3,661400102161.1556,18605962.0
2021-01-19,36642.23,37755.89,36069.81,36069.81,36912.85,-1.56%,16:13:35,23:59:38,57244195485.5,671081200699.8711,18605068.0
2021-01-18,35792.24,37299.29,34883.84,36630.08,36091.56,2.34%,12:28:32,05:31:34,49511702429.35,681470030572.0747,18604112.0
2021-01-17,36163.65,36722.35,34069.32,35791.28,35395.84,-1.03%,21:31:42,10:04:39,52359854336.21,665831621390.9865,18603181.0
2021-01-16,36821.65,37864.37,35633.55,36178.14,36748.96,-1.75%,10:07:38,22:08:38,57706187875.1,673000645230.8221,18602412.0
2021-01-15,39156.71,39577.71,34659.59,36825.37,37118.65,-5.95%,00:38:34,16:11:42,67760757880.72,685005864471.3622,18601468.0
2021-01-14,37325.11,39966.41,36868.56,39187.33,38417.48,4.99%,15:37:38,04:14:35,63615990033.01,728904366964.3611,18600512.0
2021-01-13,33915.12,37599.96,32584.67,37316.36,35092.32,10.03%,22:04:36,01:01:40,69364315979.28,694069582193.7559,18599606.0
2021-01-12,35516.36,36568.53,32697.98,33922.96,34633.25,-4.49%,07:46:37,14:38:39,74773277909.46,630920422745.0479,18598625.0
2021-01-11,38346.53,38346.53,30549.6,35566.66,34448.06,-7.25%,00:00:39,16:47:40,123320567398.62,661457321418.0524,18597681.0
2021-01-10,40254.22,41420.19,35984.63,38356.44,38702.41,-4.71%,01:49:36,20:31:40,79980747690.35,713304617760.9486,18596737.0
2021-01-09,40788.64,41436.35,38980.88,40254.55,40208.62,-1.31%,14:15:53,07:04:36,61984162837.07,748563483043.1383,18595750.0
2021-01-08,39381.77,41946.74,36838.64,40797.61,39392.69,3.6%,15:11:42,02:46:32,88107519479.5,758625941266.7522,18594862.0
2021-01-07,36833.87,40180.37,36491.19,39371.04,38335.78,6.89%,18:17:42,08:25:51,84762141031.49,732062681138.1346,18593937.0
2021-01-06,34013.61,36879.7,33514.03,36824.36,35196.86,8.26%,23:57:36,00:25:38,75289433810.59,684671246323.6501,18592887.0
2021-01-05,31977.04,34437.59,30221.19,33992.43,32329.39,6.3%,22:44:35,06:16:41,67547324781.68,631980005969.6278,18591787.0
2021-01-04,32810.95,33440.22,28722.76,31971.91,31081.49,-2.56%,04:07:42,10:19:42,81163475344.18,594384025390.8551,18590818.0
2021-01-03,32129.41,34608.56,32052.32,32782.02,33330.44,2.03%,07:47:38,00:20:45,78665235201.84,609409213147.0334,18589737.0
2021-01-02,29376.46,33155.12,29091.18,32127.27,31123.15,9.36%,19:49:42,00:31:44,67865420765.46,597205944668.8502,18588756.0
2021-01-01,28994.01,29600.63,28803.59,29374.15,29202.11,1.31%,12:38:43,00:16:43,40730301358.64,546001594837.51166,18587825.0
2020-12-31,28841.57,29244.88,28201.99,29001.72,28723.44,0.56%,00:23:36,14:34:43,46754964848.19,539051138107.7861,18586868.0
2020-12-30,27360.09,28937.74,27360.09,28840.95,28148.92,5.41%,21:46:44,00:00:43,51287442703.98,536033807160.8408,18585856.0
2020-12-29,27081.81,27370.72,25987.3,27362.44,26679.01,1.04%,23:56:30,05:28:41,45265946774.4,508523687096.6884,18584737.0
2020-12-28,26280.82,27389.11,26207.64,27084.81,26798.38,3.06%,13:31:40,00:05:41,49056742892.61,503339329917.2024,18583825.0
2020-12-27,26439.37,28288.84,25922.77,26272.29,27105.8,-0.63%,11:19:41,21:22:41,66479895605.09,488213268382.0132,18582818.0
2020-12-26,24677.02,26718.07,24522.69,26437.04,25620.38,7.13%,21:46:49,01:22:40,48332647295.43,491250863156.9848,18581918.0
2020-12-25,23733.57,24710.1,23463.67,24664.79,24086.88,3.92%,23:49:40,03:04:40,42068395845.63,458297232691.903,18581031.0
2020-12-24,23240.2,23768.34,22777.6,23735.95,23272.97,2.13%,23:53:40,03:16:35,41080759712.62,441017197764.42126,18580137.0
2020-12-23,23781.97,24024.49,22802.65,23241.34,23413.57,-2.27%,13:22:41,22:26:27,51146161904.32,431808778580.3048,18579337.0
2020-12-22,22794.04,23789.9,22430.6,23783.03,23110.25,4.34%,23:56:47,08:30:49,44171632680.6,441850902134.2294,18578412.0
2020-12-21,23474.46,24059.98,22159.37,22803.08,23109.68,-2.86%,04:20:46,12:47:42,45852713980.89,423625088584.1859,18577537.0
2020-12-20,23861.77,24209.66,23147.71,23477.3,23678.68,-1.61%,20:46:45,04:25:46,37844228421.87,436129331482.25616,18576643.0
2020-12-19,23132.87,24085.86,22826.47,23869.83,23456.16,3.19%,17:07:39,08:07:39,38487546579.56,443399267276.8764,18575718.0
2020-12-18,22806.8,23238.6,22399.81,23137.96,22819.2,1.45%,08:38:41,15:16:44,40387896274.68,429781092527.7448,18574718.0
2020-12-17,21308.35,23642.66,21234.68,22805.16,22438.67,7.02%,17:11:47,00:31:42,71378606373.62,423576934966.4241,18573731.0
2020-12-16,19418.82,21458.91,19298.32,21310.6,20378.61,9.74%,23:19:41,00:31:39,44409011479.22,395799863745.9665,18572912.0
2020-12-15,19246.92,19525.01,19079.84,19417.08,19302.42,0.88%,20:08:41,05:19:41,26741982541.5,360614771026.8855,18572043.0
2020-12-14,19144.49,19305.1,19012.71,19246.64,19158.9,0.53%,23:21:27,01:04:41,22473997681.14,357432550019.95447,18571162.0
2020-12-13,18806.77,19381.54,18734.33,19142.38,19057.94,1.78%,13:07:39,00:40:43,25450468636.54,355479173805.69794,18570268.0
2020-12-12,18051.32,18919.55,18046.04,18803.66,18482.79,4.17%,22:43:39,00:01:41,21752580801.79,349170613898.91974,18569293.0
2020-12-11,18263.93,18268.45,17619.53,18058.9,17943.99,-1.12%,00:04:41,11:40:53,27919640985.34,335326168918.5213,18568468.0
2020-12-10,18553.3,18553.3,17957.07,18264.99,18255.18,-1.55%,00:00:44,15:16:40,25547132265.47,339136939585.8366,18567593.0
2020-12-09,18320.88,18626.29,17935.55,18553.92,18280.92,1.27%,23:23:41,07:55:58,34420373070.86,344486483494.44324,18566781.0
2020-12-08,19191.53,19283.48,18269.95,18321.14,18776.72,-4.54%,06:01:41,23:16:51,31692288756.38,340148764251.7229,18565912.0
2020-12-07,19343.13,19411.83,18931.14,19191.63,19171.48,-0.78%,00:05:42,18:49:41,26896357742.24,356293229783.3031,18565031.0
2020-12-06,19154.18,19390.5,18897.89,19345.12,19144.2,1.0%,23:24:42,13:49:41,25293775713.52,359123541247.0556,18564037.0
2020-12-05,18698.39,19160.45,18590.19,19154.23,18875.32,2.44%,09:03:42,00:12:42,27242455063.89,355563938256.3379,18563206.0
2020-12-04,19446.97,19511.4,18697.19,18699.77,19104.29,-3.84%,00:40:44,23:51:49,33872388057.72,347111351136.3285,18562337.0
2020-12-03,19205.93,19566.19,18925.78,19445.4,19245.98,1.25%,16:04:40,05:48:40,31930317405.27,360933936016.877,18561406.0
2020-12-02,18801.74,19308.33,18347.72,19201.09,18828.03,2.12%,08:31:41,04:31:40,37387697138.68,356381007570.9198,18560456.0
2020-12-01,19633.77,19845.98,18321.92,18803.0,19083.95,-4.23%,11:17:41,13:16:42,49633658712.12,348976597317.84424,18559625.0
2020-11-30,18178.32,19749.26,18178.32,19625.84,18963.79,7.96%,15:18:39,00:00:41,47728480399.28,364229729425.8729,18558687.0
2020-11-29,17719.63,18283.63,17559.12,18177.48,17921.38,2.58%,21:36:12,01:43:41,31133957704.27,337336592123.068,18557937.0
2020-11-28,17112.93,17853.94,16910.65,17717.42,17382.29,3.53%,20:12:40,09:03:40,32601040733.64,328782832211.7004,18557043.0
2020-11-27,17153.91,17445.02,16526.42,17108.4,16985.72,-0.27%,01:20:44,16:01:41,38886494645.12,317464460530.40906,18556056.0
2020-11-26,18729.84,18866.29,16351.03,17150.62,17608.66,-8.43%,00:40:34,17:28:41,61396835736.94,318231964319.3874,18555125.0
2020-11-25,19104.41,19390.97,18581.15,18732.12,18986.06,-1.95%,13:50:42,23:22:33,43710357371.46,347558803507.37305,18554162.0
2020-11-24,18365.01,19348.27,18128.66,19107.46,18738.46,4.04%,16:16:33,06:10:48,51469565008.67,354504361032.3469,18553187.0
2020-11-23,18370.02,18711.43,18000.8,18364.12,18356.11,-0.03%,10:54:37,01:07:37,42741112307.9,340698070308.13434,18552375.0
2020-11-22,18642.23,18688.97,17671.38,18370.0,18180.18,-1.46%,00:21:36,11:57:36,41280434225.93,340790183317.33075,18551450.0
2020-11-21,18621.32,18936.62,18444.36,18642.23,18690.49,0.11%,02:28:36,12:04:35,39650210707.3,345819234184.5931,18550312.0
2020-11-20,17817.08,18773.23,17765.8,18621.31,18269.52,4.51%,16:16:36,01:01:35,36992873939.99,345411881099.1716,18549275.0
2020-11-19,17803.86,18119.55,17382.55,17817.09,17751.05,0.07%,15:23:36,09:57:34,36985055355.39,330475167134.4854,18548212.0
2020-11-18,17645.19,18393.95,17352.91,17804.01,17873.43,0.9%,04:55:35,15:25:48,49064800277.87,330218014062.15594,18547400.0
2020-11-17,16685.69,17782.92,16564.54,17645.41,17173.73,5.75%,18:03:36,04:02:33,39006849169.81,327257094857.4363,18546306.0
2020-11-16,15955.58,16816.18,15880.71,16716.11,16348.44,4.77%,21:14:36,00:34:40,31526766675.19,309889423249.1071,18538368.0
2020-11-15,16068.14,16123.11,15793.53,15955.59,15958.32,-0.7%,08:34:38,22:22:36,23653867582.7,295790551597.8903,18538368.0
2020-11-14,16317.81,16317.81,15749.19,16068.14,16033.5,-1.53%,00:00:40,17:19:39,27481710135.41,297877068422.63354,18538368.0
2020-11-13,16276.44,16463.18,15992.15,16317.81,16227.66,0.25%,02:09:37,16:32:40,31599492172.18,302505533181.2506,18538368.0
2020-11-12,15701.3,16305.0,15534.77,16276.34,15919.88,3.66%,23:48:39,00:18:42,34175758344.06,301736853824.6971,18538368.0
2020-11-11,15290.91,15916.26,15290.01,15701.34,15603.14,2.68%,18:35:56,00:12:40,29772374934.01,291077214051.6671,18538368.0
2020-11-10,15332.35,15450.33,15124.96,15290.9,15287.64,-0.27%,08:54:41,15:33:40,25574938143.15,283468380961.4247,18538368.0
2020-11-09,15479.6,15785.14,14865.53,15332.32,15325.34,-0.95%,12:01:42,16:17:41,34149115565.7,284236108837.2787,18538368.0
2020-11-08,14833.75,15637.32,14744.11,15479.57,15190.72,4.35%,18:07:37,00:19:40,26632075028.85,286955182899.01483,18537675.0
2020-11-07,15565.88,15737.1,14423.2,14833.75,15080.15,-4.7%,01:49:39,20:10:59,35024953705.62,274970333139.98395,18536800.0
2020-11-06,15579.73,15903.44,15226.84,15565.88,15565.14,-0.09%,01:16:38,20:22:44,39837841971.45,288526920959.49664,18535856.0
2020-11-05,14133.73,15706.4,14102.09,15579.85,14904.24,10.23%,23:18:40,00:44:41,40856321438.54,288771509680.94745,18534937.0
2020-11-04,13950.49,14218.77,13580.47,14133.71,13899.62,1.31%,17:29:39,07:59:45,35116364961.76,261954213176.1068,18534006.0
2020-11-03,13550.45,13984.98,13325.44,13950.3,13655.21,2.95%,23:32:50,03:17:44,29869951617.25,258541441763.9419,18533037.0
2020-11-02,13737.03,13808.32,13243.16,13550.49,13525.74,-1.36%,00:44:40,12:46:48,30771455467.79,251119864445.3435,18532162.0
2020-11-01,13780.99,13862.03,13628.38,13737.11,13745.2,-0.32%,00:13:42,04:19:39,24453857900.09,254569759062.5861,18531537.0
2020-10-31,13546.53,14028.21,13457.53,13780.99,13742.87,1.73%,10:07:43,04:07:39,30306464718.76,255372071116.27853,18530743.0
2020-10-30,13437.87,13651.52,13136.2,13546.52,13393.86,0.81%,20:51:39,07:29:41,30581485200.68,251018154919.98657,18530081.0
2020-10-29,13271.3,13612.05,12980.06,13437.88,13296.06,1.26%,17:46:40,12:32:42,56499499598.28,248995322466.39035,18529356.0
2020-10-28,13654.21,13837.7,12932.25,13271.29,13384.98,-2.8%,02:52:44,14:20:55,35867318894.92,245899824464.83197,18528712.0
2020-10-27,13075.24,13759.67,13060.84,13654.22,13410.26,4.43%,23:07:48,00:04:43,33749878155.99,252985946389.91595,18528043.0
2020-10-26,13031.2,13225.3,12822.38,13075.25,13023.84,0.34%,14:51:47,17:38:42,29461458313.16,242250997935.6733,18527450.0
2020-10-25,13108.06,13329.18,12910.06,13031.17,13119.62,-0.59%,04:24:44,11:23:43,24406920575.04,241425217439.9117,18526743.0
2020-10-24,12931.57,13145.07,12885.75,13108.06,13015.41,1.36%,15:09:43,00:31:43,24542317939.96,242839876186.2097,18525993.0
2020-10-23,12971.55,13015.96,12752.65,12931.54,12884.3,-0.31%,11:01:47,16:43:43,28974975002.91,239557562148.2678,18525062.0
2020-10-22,12801.64,13161.59,12717.09,12965.89,12939.34,1.28%,22:23:45,04:44:44,34729759598.05,240166387521.54385,18522937.0
2020-10-21,11913.08,13184.57,11900.93,12823.69,12542.75,7.64%,23:01:43,00:07:56,43414712626.05,237532386962.5129,18522937.0
2020-10-20,11745.97,11999.92,11681.48,11916.34,11840.7,1.45%,17:53:00,03:20:44,30915821592.1,220721282864.58752,18522581.0
2020-10-19,11495.04,11799.09,11408.29,11742.04,11603.69,2.15%,16:02:43,04:37:43,23860769927.72,217482407293.08884,18521693.0
2020-10-18,11355.98,11483.36,11347.58,11483.36,11415.47,1.12%,23:59:42,00:06:44,18283314340.34,212682581771.31265,18520937.0
2020-10-17,11322.12,11386.26,11285.35,11358.1,11335.8,0.32%,15:06:44,00:43:59,19130430173.84,210353665235.4524,18520143.0
2020-10-16,11502.83,11540.06,11223.01,11322.12,11381.54,-1.57%,01:45:45,09:22:05,25635480771.68,209676088343.852,18519150.0
2020-10-15,11426.6,11569.91,11303.6,11495.35,11436.76,0.6%,20:11:43,09:48:43,24487233057.77,212873103428.00137,18518193.0
2020-10-14,11429.05,11539.98,11307.83,11429.51,11423.9,0.0%,14:02:43,18:41:44,24103426719.26,211643390713.38095,18517281.0
2020-10-13,11548.72,11548.98,11321.22,11425.9,11435.1,-1.06%,00:21:44,14:18:42,24241420250.86,211565586739.30667,18516318.0
2020-10-12,11392.64,11698.47,11240.69,11555.36,11469.58,1.43%,22:16:42,10:47:43,26163972641.65,213950143824.2092,18515225.0
2020-10-11,11296.08,11428.81,11288.63,11384.18,11358.72,0.78%,15:31:43,00:52:06,19968627059.96,210766812992.17508,18514006.0
2020-10-10,11059.14,11442.21,11056.94,11296.36,11249.58,2.15%,03:16:44,00:01:41,22877978587.76,209130239494.6501,18513062.0
2020-10-09,10927.91,11102.67,10846.85,11064.46,10974.76,1.25%,16:01:43,06:16:42,22799117612.79,204827451843.37863,18512200.0
2020-10-08,10669.37,10945.74,10562.61,10915.69,10754.18,2.31%,17:28:42,09:03:42,63314794397.11,202064144550.3406,18511356.0
2020-10-07,10603.36,10680.51,10562.51,10668.97,10621.51,0.62%,19:17:54,01:43:54,37799458435.8,197485816054.93155,18510300.0
2020-10-06,10796.31,10797.58,10528.89,10604.41,10663.24,-1.78%,00:16:59,20:59:53,42623695307.43,196281911458.15375,18509468.0
2020-10-05,10676.53,10793.51,10634.6,10793.34,10714.06,1.09%,23:57:04,06:28:59,47537578008.85,199769602127.94168,18508600.0
2020-10-04,10550.44,10686.0,10534.39,10669.58,10610.2,1.13%,20:06:00,01:31:41,71251776994.76,197468899356.8617,18507650.0
2020-10-03,10575.1,10598.94,10511.13,10549.33,10555.04,-0.24%,19:36:42,08:21:42,44660271563.32,195233191301.2567,18506693.0
2020-10-02,10619.82,10657.84,10416.69,10575.98,10537.26,-0.41%,04:24:43,05:35:47,48661453917.96,195716085732.39612,18505725.0
2020-10-01,10795.25,10933.62,10472.36,10619.45,10702.99,-1.63%,09:52:42,16:49:42,40023134099.57,196512086756.2781,18504918.0
2020-09-30,10843.87,10847.26,10669.32,10784.49,10758.29,-0.55%,00:08:43,09:49:42,44171073700.19,199556965503.7717,18504068.0
2020-09-29,10709.65,10860.0,10649.5,10844.64,10754.75,1.26%,23:23:03,17:16:43,46582396602.08,200660083838.7249,18503156.0
2020-09-28,10776.61,10945.35,10703.89,10709.65,10824.62,-0.62%,13:22:15,23:52:08,47762394730.65,198154065044.1842,18502381.0
2020-09-27,10746.89,10803.98,10622.92,10775.27,10713.45,0.26%,23:53:43,12:09:43,53745972818.15,199357967522.5053,18501437.0
2020-09-26,10695.58,10773.0,10667.28,10750.72,10720.14,0.52%,06:31:42,00:56:50,46852525492.63,198893019773.83698,18500431.0
2020-09-25,10761.11,10777.7,10578.91,10692.72,10678.3,-0.64%,00:31:41,14:15:50,39348590957.36,197809986225.92685,18499506.0
2020-09-24,10248.79,10771.06,10231.49,10760.07,10501.28,4.99%,23:02:42,00:06:51,47144380901.69,199045623654.10297,18498550.0
2020-09-23,10535.49,10537.83,10197.86,10246.19,10367.85,-2.75%,00:02:40,20:55:51,23788661866.99,189529920746.46765,18497606.0
2020-09-22,10459.62,10568.08,10382.73,10538.46,10475.4,0.75%,21:44:00,08:02:01,23621787803.58,194932197947.436,18497218.0
2020-09-21,10934.93,10988.3,10380.26,10462.26,10684.28,-4.32%,04:37:00,15:24:01,28884999243.67,193514327128.297,18496418.0
2020-09-20,11095.87,11095.87,10814.48,10938.27,10955.18,-1.42%,00:00:00,16:23:00,24699523787.72,202308927892.353,18495512.0
2020-09-19,10933.75,11134.09,10909.62,11094.35,11021.86,1.47%,12:04:00,08:27:00,22764204007.57,205185696336.192,18494618.0
2020-09-18,10951.82,11034.91,10829.66,10944.59,10932.28,-0.07%,09:52:01,18:08:00,26341903912.39,202405809880.581,18493693.0
2020-09-17,10973.25,11037.42,10774.63,10948.99,10906.02,-0.22%,00:54:01,13:17:01,38151810523.05,202475761712.394,18492643.0
2020-09-16,10797.76,11100.12,10704.88,10974.9,10902.5,1.64%,16:51:01,00:56:00,30769986454.53,202942925722.083,18491543.0
2020-09-15,10677.75,10938.63,10656.46,10796.95,10797.54,1.12%,12:45:01,09:07:01,32509451925.05,199641896761.512,18490581.0
2020-09-14,10328.73,10800.01,10266.01,10680.84,10533.01,3.41%,15:39:01,01:04:00,35453581939.72,197484272946.612,18489587.0
2020-09-13,10452.4,10577.22,10224.33,10323.76,10400.78,-1.23%,04:05:00,19:15:00,36506852789.3,190870759062.079,18488500.0
2020-09-12,10409.86,10578.84,10292.39,10442.17,10435.62,0.31%,20:07:00,12:39:00,36750077323.54,193049493276.593,18487487.0
2020-09-11,10369.03,10434.92,10140.84,10400.91,10287.88,0.31%,15:15:01,03:59:01,45201121774.78,192275791668.534,18486431.0
2020-09-10,10242.33,10503.91,10238.14,10363.14,10371.02,1.18%,14:12:00,00:01:01,54406443210.51,191568387061.555,18485556.0
2020-09-09,10134.15,10350.54,10017.25,10242.35,10183.9,1.07%,19:06:01,03:20:01,24128292754.85,189325507175.126,18484581.0
2020-09-08,10369.31,10414.78,9945.11,10131.52,10179.94,-2.29%,22:15:01,11:49:00,33430927462.23,187267336727.676,18483643.0
2020-09-07,10281.0,10399.15,9916.49,10369.56,10157.82,0.86%,13:20:01,12:38:00,33703098409.31,191657203885.383,18482668.0
2020-09-06,10167.22,10353.93,10056.89,10280.35,10205.41,1.11%,21:55:01,05:23:00,37071460174.47,189997214393.289,18481587.0
2020-09-05,10512.53,10581.57,9946.68,10169.57,10264.12,-3.26%,19:31:00,19:52:00,44916565291.55,187940141275.803,18480643.0
2020-09-04,10230.37,10663.92,10207.94,10511.81,10435.93,2.75%,11:39:00,14:53:00,29965130373.75,194255818703.632,18479762.0
2020-09-03,11407.19,11443.02,10182.47,10245.3,10812.74,-10.19%,00:50:01,23:43:00,31927261554.77,189322069063.343,18478925.0
2020-09-02,11964.82,11964.82,11290.79,11414.03,11627.8,-4.6%,00:00:01,15:08:02,28037405298.84,210909793680.913,18478112.0
2020-09-01,11679.32,12067.08,11601.13,11970.48,11834.1,2.49%,22:24:00,00:31:00,27311555343.11,221181001606.839,18477206.0
2020-08-31,11713.31,11768.88,11598.32,11680.82,11683.6,-0.28%,13:26:00,10:15:00,22285928250.31,215817677821.857,18476243.0
2020-08-30,11508.71,11715.26,11492.38,11711.51,11603.82,1.76%,23:33:00,00:05:00,19760127944.66,216373660045.36,18475306.0
2020-08-29,11541.05,11585.64,11466.29,11506.87,11525.96,-0.3%,07:50:01,14:05:00,17485597759.14,212583870983.482,18474525.0
2020-08-28,11325.3,11545.62,11316.42,11542.5,11431.02,1.92%,23:52:00,00:19:00,19807127587.51,213231661583.088,18473612.0
2020-08-27,11485.61,11570.79,11185.94,11323.4,11378.37,-1.41%,13:32:01,17:51:00,23240415075.98,209172436816.551,18472587.0
2020-08-26,11366.89,11530.05,11296.99,11488.36,11413.52,1.07%,16:41:01,00:51:00,22466660957.63,212210534428.287,18471781.0
2020-08-25,11773.59,11778.3,11189.85,11366.14,11484.08,-3.46%,02:00:01,18:22:01,26301509931.93,209942744480.573,18470900.0
2020-08-24,11663.69,11807.63,11623.25,11774.6,11715.44,0.95%,12:25:01,00:22:00,20681511754.57,217477962650.242,18470100.0
2020-08-23,11679.7,11713.43,11559.92,11664.85,11636.68,-0.13%,20:22:00,11:04:00,18482062657.8,215439967321.336,18469162.0
2020-08-22,11585.48,11689.41,11448.81,11681.83,11569.11,0.83%,23:57:00,01:14:01,20224191305.96,215742068894.983,18468181.0
2020-08-21,11878.03,11899.26,11564.98,11592.49,11732.12,-2.4%,00:13:00,21:59:00,23762425998.95,214082401860.976,18467337.0
2020-08-20,11761.5,11900.41,11710.06,11878.37,11805.24,0.99%,21:30:01,06:00:00,20175242944.67,219350310325.759,18466362.0
2020-08-19,11990.88,12028.92,11687.33,11758.28,11858.12,-1.94%,01:23:01,20:26:01,24502851117.26,217122068305.445,18465456.0
2020-08-18,12251.9,12335.71,11954.53,11991.23,12145.12,-2.13%,03:05:01,16:13:01,26043227671.88,221413097553.274,18464581.0
2020-08-17,11895.66,12359.06,11806.7,12254.4,12082.88,3.02%,16:05:00,06:09:00,28227687026.77,226261747567.102,18463712.0
2020-08-16,11866.69,11934.9,11737.19,11892.8,11836.04,0.22%,04:02:00,12:18:00,20583375490.17,219576092170.359,18462937.0
2020-08-15,11768.7,11963.2,11768.7,11865.7,11865.95,0.82%,21:41:00,00:00:01,23354924400.34,219064372745.259,18461987.0
2020-08-14,11772.66,12150.99,11685.46,11768.87,11918.22,-0.03%,18:48:00,15:19:01,24237958589.06,217265120502.897,18461000.0
2020-08-13,11588.41,11796.4,11216.87,11784.14,11506.64,1.69%,23:57:00,09:32:01,27522199497.23,217534728412.949,18459962.0
2020-08-12,11404.6,11748.4,11249.61,11584.93,11499.0,1.58%,15:01:01,06:10:01,25064548486.49,213846666475.048,18459031.0
2020-08-11,11881.65,11932.71,11195.71,11410.53,11564.21,-3.97%,01:45:00,21:11:01,27039782639.91,210616121944.733,18458056.0
2020-08-10,11662.26,12045.14,11662.26,11878.11,11853.7,1.85%,04:11:00,00:00:00,26114112569.42,219235405395.415,18457093.0
2020-08-09,11737.33,11806.06,11548.78,11675.74,11677.42,-0.52%,00:38:00,18:01:00,17489608833.29,215490364254.781,18456250.0
2020-08-08,11604.55,11800.06,11558.43,11754.05,11679.24,1.29%,12:18:00,05:25:00,17572057837.41,216924147850.741,18455275.0
2020-08-07,11778.89,11898.04,11408.59,11601.47,11653.32,-1.51%,02:50:01,18:39:00,23132312867.15,214097928027.496,18454375.0
2020-08-06,11749.87,11902.34,11598.71,11779.77,11750.52,0.25%,19:21:01,04:43:01,23400740340.13,217377233001.076,18453431.0
2020-08-05,11203.82,11786.62,11158.29,11747.02,11472.46,4.85%,21:45:01,01:19:01,24411254471.12,216761492405.85,18452462.0
2020-08-04,11246.2,11385.38,11094.15,11205.89,11239.76,-0.36%,00:54:00,13:20:01,21250197042.2,206767135617.319,18451643.0
2020-08-03,11043.77,11453.08,11012.41,11246.35,11232.74,1.83%,16:26:00,00:07:00,20271713443.26,207503423455.952,18450737.0
2020-08-02,11758.76,12034.14,11018.13,11053.61,11526.13,-6.0%,04:21:00,13:07:00,27410067336.02,203936136729.627,18449725.0
2020-08-01,11322.57,11794.78,11239.68,11759.59,11517.23,3.86%,20:43:01,01:06:01,26075670302.8,216950669097.909,18448825.0
2020-07-31,11110.21,11415.86,10987.05,11323.47,11201.46,1.92%,16:16:00,03:54:01,23160469766.39,208895308529.074,18448000.0
2020-07-30,11099.83,11169.36,10895.46,11111.21,11032.41,0.1%,23:06:02,13:07:01,22857247900.67,204969047788.0,18447043.0
2020-07-29,10912.95,11304.4,10856.14,11100.47,11080.27,1.72%,21:59:00,01:22:01,24617249714.51,204761455132.909,18446200.0
2020-07-28,11017.46,11204.33,10632.63,10912.82,10918.48,-0.95%,00:27:00,10:18:00,28766551141.78,201290022192.811,18445275.0
2020-07-27,9905.22,11298.22,9903.97,10990.87,10601.1,10.96%,01:22:00,01:20:00,35359749590.12,202719581736.842,18444356.0
2020-07-26,9680.23,10023.81,9652.85,9905.17,9838.33,2.32%,10:09:01,10:08:00,20507998996.69,182685328095.43,18443437.0
2020-07-25,9539.49,9704.56,9530.21,9677.11,9617.38,1.44%,21:02:00,01:11:00,16610070932.79,178469614078.301,18442443.0
2020-07-24,9585.51,9623.34,9481.45,9536.89,9552.4,-0.51%,21:05:00,07:06:01,16552768324.66,175875016548.431,18441543.0
2020-07-23,9527.14,9610.25,9483.0,9581.07,9546.62,0.57%,17:08:01,14:22:00,18146399001.7,176680237480.007,18440550.0
2020-07-22,9375.08,9530.52,9319.65,9525.36,9425.08,1.6%,23:55:01,08:04:01,16532254884.44,175644844408.412,18439700.0
2020-07-21,9162.51,9407.26,9149.39,9374.89,9278.33,2.32%,13:31:01,00:11:01,18069581955.55,172861732402.087,18438806.0
2020-07-20,9187.22,9214.27,9137.51,9164.23,9175.89,-0.25%,01:42:00,14:08:00,13755604145.72,168970262858.503,18438018.0
2020-07-19,9158.01,9201.4,9097.63,9185.82,9149.52,0.3%,23:45:00,17:09:00,12939002784.01,169360219986.106,18437143.0
2020-07-18,9151.18,9230.98,9100.82,9159.04,9165.9,0.09%,15:39:00,23:46:00,12252601474.79,168858972268.985,18436318.0
2020-07-17,9131.81,9182.25,9089.2,9151.39,9135.72,0.21%,12:24:00,05:46:01,13944570749.5,168710427573.953,18435493.0
2020-07-16,9191.98,9214.31,9088.95,9132.23,9151.63,-0.65%,00:03:01,10:08:01,15713967522.66,168350501976.25,18434768.0
2020-07-15,9241.9,9275.33,9171.93,9192.84,9223.63,-0.53%,00:34:00,19:17:00,15844731575.2,169460074575.96,18433925.0
2020-07-14,9238.7,9283.84,9171.66,9243.21,9227.75,0.05%,20:18:00,11:23:00,18085038362.45,170380670524.821,18433056.0
2020-07-13,9277.2,9306.4,9224.29,9243.61,9265.35,-0.36%,18:04:00,20:20:00,17519821266.48,170379677119.097,18432150.0
2020-07-12,9241.06,9319.42,9197.45,9276.5,9258.44,0.38%,13:26:00,19:32:00,14452361906.81,170977422928.131,18431243.0
2020-07-11,9277.51,9293.53,9199.49,9240.35,9246.51,-0.4%,00:09:00,09:34:01,13249910444.07,170302234777.528,18430287.0
2020-07-10,9273.36,9287.47,9118.0,9278.81,9202.74,0.06%,23:37:00,07:27:01,16860035604.8,171001933826.989,18429300.0
2020-07-09,9427.99,9431.38,9235.0,9277.97,9333.19,-1.59%,00:04:01,19:46:00,18000702524.13,170977231637.687,18428306.0
2020-07-08,9253.02,9450.34,9249.5,9428.33,9349.92,1.89%,22:44:00,00:20:02,19702359882.9,173738543115.206,18427281.0
2020-07-07,9349.16,9360.62,9201.82,9252.28,9281.22,-1.04%,00:26:01,11:38:00,13839652594.65,170485472276.313,18426325.0
2020-07-06,9072.85,9375.47,9058.66,9375.47,9217.06,3.34%,23:59:01,00:29:00,17889263251.96,172746103840.155,18425318.0
2020-07-05,9126.09,9162.18,8977.02,9073.94,9069.6,-0.57%,01:27:00,21:26:00,12903406143.35,167181726153.665,18424375.0
2020-07-04,9084.23,9183.3,9053.63,9132.49,9118.46,0.53%,17:57:00,11:08:01,12290528515.11,168251076677.956,18423356.0
2020-07-03,9124.84,9202.34,9058.79,9087.3,9130.56,-0.41%,01:14:01,23:44:00,13078970998.64,167409720387.961,18422375.0
2020-07-02,9231.14,9274.96,9036.62,9123.41,9155.79,-1.17%,13:42:00,16:47:00,16338916796.02,168065586386.744,18421356.0
2020-07-01,9145.99,9309.75,9104.73,9228.33,9207.24,0.9%,17:57:00,03:45:00,15971550355.23,169988756578.038,18420325.0
2020-06-30,9185.58,9217.84,9084.84,9137.99,9151.34,-0.52%,02:07:00,13:21:00,15735797743.99,168315606321.29,18419318.0
2020-06-29,9140.03,9237.57,9041.88,9190.85,9139.72,0.56%,22:11:00,13:46:00,16460547078.04,169280659245.843,18418381.0
2020-06-28,9048.46,9197.55,8975.53,9143.58,9086.54,1.05%,16:20:01,04:56:01,14560870760.22,168401806136.911,18417487.0
2020-06-27,9167.82,9207.81,8998.22,9045.39,9103.02,-1.34%,08:18:00,23:15:01,17273093144.4,166584831506.245,18416543.0
2020-06-26,9260.99,9310.52,9101.74,9162.92,9206.13,-1.06%,01:17:00,14:44:00,18341465836.6,168741367621.97,18415681.0
2020-06-25,9314.13,9340.16,9095.32,9264.81,9217.74,-0.53%,21:18:00,03:43:00,18616048626.11,170608289503.753,18414650.0
2020-06-24,9632.15,9680.37,9278.23,9313.61,9479.3,-3.31%,06:12:00,15:58:00,18961716075.6,171498781279.927,18413781.0
2020-06-23,9644.08,9670.54,9547.25,9629.66,9608.9,-0.15%,16:05:00,01:59:00,17006433272.04,177310052079.171,18412912.0
2020-06-22,9300.92,9655.07,9296.87,9648.72,9475.97,3.74%,21:16:00,00:04:01,21104009513.97,177651397436.609,18411918.0
2020-06-21,9330.93,9401.11,9300.43,9303.63,9350.77,-0.29%,06:10:00,23:58:01,15324301168.83,171289415078.632,18411031.0
2020-06-20,9290.96,9394.97,9247.38,9332.34,9321.17,0.45%,22:45:01,16:08:00,17130541557.31,171809438650.585,18410112.0
2020-06-19,9410.29,9440.88,9274.3,9288.02,9357.59,-1.3%,12:33:00,23:55:00,19632223107.38,170985625732.412,18409268.0
2020-06-18,9481.57,9482.78,9328.4,9411.84,9405.59,-0.74%,00:01:00,21:19:00,17770083002.7,173256688664.117,18408375.0
2020-06-17,9533.78,9540.42,9327.34,9480.26,9433.88,-0.56%,00:08:00,20:08:01,20177709879.15,174508805561.132,18407606.0
2020-06-16,9454.27,9579.43,9400.45,9538.02,9489.94,0.89%,06:25:00,00:59:00,21565537208.86,175563963385.476,18406743.0
2020-06-15,9386.04,9504.86,8990.18,9450.7,9247.52,0.69%,21:19:00,06:34:00,26699704768.46,173947607771.726,18405787.0
2020-06-14,9477.55,9482.27,9347.59,9386.79,9414.93,-0.96%,00:01:00,22:27:00,18991732745.51,172763239787.199,18404937.0
2020-06-13,9480.74,9493.21,9396.01,9475.28,9444.61,-0.06%,19:50:00,04:31:00,17564322315.2,174381819725.142,18403875.0
2020-06-12,9320.69,9540.47,9285.85,9480.84,9413.16,1.72%,14:04:00,00:09:01,22610564515.31,174474896921.532,18402887.0
2020-06-11,9870.08,9938.3,9263.07,9321.78,9600.68,-5.56%,02:27:01,20:16:01,30247143440.18,171538133043.473,18401862.0
2020-06-10,9794.12,9908.9,9728.29,9870.09,9818.6,0.78%,20:07:00,09:13:00,25706567600.57,181616765438.402,18400712.0
2020-06-09,9774.36,9836.37,9664.72,9795.7,9750.54,0.22%,00:21:00,09:41:01,23717842782.98,180237817527.031,18399687.0
2020-06-08,9760.06,9782.31,9675.89,9771.49,9729.1,0.12%,12:32:00,15:36:00,21486346311.91,179782576533.652,18398687.0
2020-06-07,9653.0,9768.5,9458.15,9758.85,9613.33,1.1%,23:22:00,14:07:00,25015250845.66,179540253701.404,18397681.0
2020-06-06,9664.9,9773.43,9591.02,9653.68,9682.22,-0.12%,12:17:01,02:16:01,20438419222.33,177595657884.165,18396681.0
2020-06-05,9800.22,9869.24,9663.22,9665.53,9766.23,-1.37%,09:17:00,15:19:01,23509628646.2,177801825144.882,18395450.0
2020-06-04,9655.85,9887.61,9525.25,9800.64,9706.43,1.5%,18:25:00,11:37:01,25921805071.98,180276153545.029,18394331.0
2020-06-03,9533.76,9682.86,9471.85,9656.72,9577.36,1.29%,23:57:00,05:29:01,25007459262.16,177619631125.589,18393375.0
2020-06-02,10162.97,10182.34,9460.57,9529.8,9821.46,-6.23%,14:49:00,14:48:01,39137252108.67,175277218229.261,18392531.0
2020-06-01,9463.61,10199.56,9450.9,10167.27,9825.23,7.44%,23:30:01,23:32:02,35198901068.39,186993405740.449,18391706.0
2020-05-31,9700.11,9700.34,9432.3,9461.06,9566.32,-2.46%,00:01:01,23:46:01,27773290298.51,173997151929.677,18390875.0
2020-05-30,9438.91,9704.03,9366.73,9700.41,9535.38,2.77%,23:17:01,03:52:00,32722975141.2,178390129757.676,18389950.0
2020-05-29,9528.36,9573.67,9379.34,9439.12,9476.51,-0.94%,00:17:01,11:19:00,32896642044.26,173575756364.005,18388968.0
2020-05-28,9184.94,9546.32,9148.46,9525.75,9347.39,3.71%,23:32:01,08:09:06,34367073114.46,175161235290.292,18388181.0
2020-05-27,8837.38,9203.32,8834.16,9181.02,9018.74,3.89%,17:58:01,00:04:01,32740536902.33,168814700531.386,18387362.0
2020-05-26,8909.59,8991.97,8757.29,8835.05,8874.63,-0.84%,08:27:00,16:00:01,29584186947.02,162445535235.104,18386481.0
2020-05-25,8786.11,8951.01,8719.67,8906.93,8835.34,1.38%,19:58:00,11:01:02,31288157264.19,163760453116.409,18385725.0
2020-05-24,9212.28,9288.4,8787.25,8790.37,9037.83,-4.58%,10:28:02,23:48:00,32518803299.58,161610414642.629,18384943.0
2020-05-23,9185.06,9302.5,9118.11,9209.29,9210.3,0.26%,03:28:00,10:32:01,27727866811.67,169305492439.588,18384212.0
2020-05-22,9080.33,9232.94,9008.64,9182.58,9120.79,1.13%,17:07:02,04:43:00,29810773699.23,168807619957.283,18383468.0
2020-05-21,9522.74,9555.24,8869.93,9081.76,9212.58,-4.63%,00:45:00,19:01:00,39326160532.43,166947987863.53,18382775.0
2020-05-20,9725.33,9804.79,9447.2,9522.98,9626.0,-2.08%,06:42:00,17:24:00,36546239702.55,175050963474.872,18381950.0
2020-05-19,9727.06,9836.05,9539.62,9729.04,9687.83,0.02%,11:22:01,05:31:03,39254288954.98,178831635026.347,18381225.0
2020-05-18,9675.69,9906.03,9570.36,9726.57,9738.2,0.53%,01:43:00,10:03:00,41827139895.62,178779483463.616,18380518.0
2020-05-17,9374.93,9823.0,9349.55,9670.74,9586.28,3.16%,16:15:00,00:08:00,40084250662.96,177745404470.085,18379712.0
2020-05-16,9333.24,9564.2,9260.69,9377.01,9412.44,0.47%,05:32:00,00:19:00,36164766407.63,172340956578.561,18379087.0
2020-05-15,9734.29,9755.83,9261.4,9328.2,9508.62,-4.17%,00:05:01,20:58:00,48158802327.34,171436341789.485,18378293.0
2020-05-14,9271.33,9793.27,9255.03,9733.72,9524.15,4.99%,10:10:00,01:48:01,56426907637.29,178881641547.089,18377518.0
2020-05-13,8805.39,9317.88,8805.39,9269.99,9061.63,5.28%,21:28:01,00:00:01,45558144023.02,170352710071.21,18376800.0
2020-05-12,8610.39,8949.9,8569.64,8804.48,8759.77,2.25%,17:22:01,00:05:01,42142717533.17,161791577300.916,18376056.0
2020-05-11,8755.54,9033.47,8374.32,8601.8,8703.9,-1.76%,12:31:00,18:24:01,57119858801.94,158059235275.589,18375143.0
2020-05-10,9591.17,9595.58,8395.11,8756.43,8995.35,-8.7%,00:02:03,17:02:01,63325279336.96,160884755210.801,18373325.0
2020-05-09,9840.91,9913.86,9580.64,9593.9,9747.25,-2.51%,01:16:01,11:48:00,46566121841.11,176251395672.863,18371200.0
2020-05-08,9936.16,9996.74,9767.17,9842.67,9881.96,-0.94%,00:53:01,07:05:01,51780748041.95,180804859844.221,18369500.0
2020-05-07,9261.9,9992.66,9138.32,9951.52,9565.49,7.45%,23:52:00,02:03:02,61112700562.08,182787376636.504,18367787.0
2020-05-06,9007.44,9411.47,8966.71,9268.76,9189.09,2.9%,23:05:00,00:50:01,49371886931.48,170229620935.298,18365950.0
2020-05-05,8912.83,9062.41,8856.83,9003.07,8959.62,1.01%,05:08:00,11:00:01,43148462663.17,165332488791.878,18364012.0
2020-05-04,8895.74,8956.91,8645.02,8912.65,8800.96,0.19%,22:03:00,05:42:00,45718796275.55,163654493632.392,18362037.0
2020-05-03,8983.61,9167.78,8830.97,8897.47,8999.38,-0.96%,04:35:01,15:55:00,47101785174.26,163358189150.984,18360075.0
2020-05-02,8869.06,9007.19,8811.37,8988.6,8909.28,1.35%,17:50:01,06:53:00,40134388683.23,165012307599.614,18357962.0
2020-05-01,8672.78,9048.02,8667.76,8864.77,8857.89,2.21%,11:45:01,00:01:00,44068389996.94,162722652380.246,18356112.0
2020-04-30,8797.67,9440.65,8533.26,8658.55,8986.96,-1.58%,06:22:00,17:55:00,66964629541.31,158922133909.094,18354350.0
2020-04-29,7806.71,8871.75,7786.05,8801.04,8328.9,12.74%,21:59:00,02:13:00,60201052202.54,161522471384.783,18352662.0
2020-04-28,7796.97,7814.53,7730.81,7807.06,7772.67,0.13%,23:42:01,15:02:00,33187959920.92,143266252261.336,18350862.0
2020-04-27,7679.42,7795.6,7679.42,7795.6,7737.51,1.51%,23:59:04,00:00:05,36162144724.71,143040988589.571,18348937.0
2020-04-26,7570.14,7700.59,7561.41,7679.87,7631.0,1.45%,14:44:00,00:08:04,33070154490.75,140903867572.585,18347175.0
2020-04-25,7550.48,7641.36,7521.67,7569.94,7581.52,0.26%,15:54:04,19:29:00,32941541446.93,138874072264.263,18345475.0
2020-04-24,7434.18,7574.2,7434.18,7550.9,7504.19,1.57%,21:31:04,00:00:04,34636526285.8,138512029491.143,18343775.0
2020-04-23,7121.31,7491.78,7081.59,7429.72,7286.68,4.33%,19:49:00,11:23:00,43500782316.07,136275638030.678,18341950.0
2020-04-22,6879.44,7145.87,6867.78,7117.21,7006.82,3.46%,17:37:06,01:15:05,33249153865.76,130530916076.973,18340187.0
2020-04-21,6879.78,6934.55,6834.44,6880.32,6884.5,0.01%,07:28:00,12:00:04,32589741510.73,126175238603.42,18338562.0
2020-04-20,7186.87,7240.29,6835.5,6881.96,7037.9,-4.24%,04:07:04,20:06:04,37747113935.85,126192239912.382,18336675.0
2020-04-19,7260.92,7280.52,7167.05,7189.42,7223.78,-0.98%,04:34:03,14:44:00,31311210215.32,131815853850.003,18334687.0
2020-04-18,7092.29,7269.96,7089.25,7257.66,7179.6,2.33%,23:38:03,00:01:04,32447188385.93,133053136875.737,18332775.0
2020-04-17,7116.55,7167.18,7050.33,7096.18,7108.76,-0.29%,23:38:03,15:03:04,32513423567.43,130078472088.331,18330762.0
2020-04-16,6640.45,7134.45,6555.5,7116.8,6844.98,7.17%,23:03:03,00:32:03,46783242376.7,130445413270.0,18329212.0
2020-04-15,6845.56,6928.66,6633.4,6642.11,6781.03,-2.97%,04:43:00,23:41:00,32288311030.76,121731940639.413,18327300.0
2020-04-14,6843.28,6958.56,6793.82,6842.43,6876.19,-0.01%,17:12:05,08:41:03,34110434051.86,125388687977.151,18325175.0
2020-04-13,6965.62,6965.62,6668.26,6845.04,6816.94,-1.73%,00:00:03,14:00:03,38619308647.44,125422221237.296,18323087.0
2020-04-12,6858.07,7119.95,6811.08,6971.09,6965.52,1.65%,20:38:04,04:19:04,35759567632.29,127716846208.307,18320925.0
2020-04-11,6867.44,6926.07,6789.92,6859.08,6858.0,-0.12%,06:27:03,17:16:03,31222085946.27,125651623116.07,18319012.0
2020-04-10,7303.82,7303.82,6802.47,6865.49,7053.14,-6.0%,00:00:00,15:36:03,43622840991.71,125755496117.263,18317037.0
2020-04-09,7337.97,7341.45,7179.09,7302.09,7260.27,-0.49%,00:43:00,12:12:04,34815139177.59,133737857009.882,18315012.0
2020-04-08,7179.28,7356.22,7153.31,7334.1,7254.76,2.16%,06:02:04,01:56:04,37563249548.94,134309895035.597,18313075.0
2020-04-07,7273.64,7427.94,7136.71,7176.41,7282.32,-1.34%,10:54:03,21:07:03,44243482667.85,131409299432.46,18311275.0
2020-04-06,6788.05,7271.78,6782.89,7271.78,7027.34,7.13%,23:59:02,00:04:03,46896904614.93,133140400947.86,18309187.0
2020-04-05,6862.54,6883.41,6715.93,6791.13,6799.67,-1.04%,00:40:03,17:24:03,29510409856.11,124328853511.615,18307537.0
2020-04-04,6738.38,6878.95,6696.48,6867.53,6787.72,1.92%,20:32:03,03:27:02,33185988583.8,125712834529.574,18305400.0
2020-04-03,6797.4,7003.22,6673.34,6733.39,6838.28,-0.94%,12:25:03,16:28:03,38976504902.97,123244051099.793,18303425.0
2020-04-02,6606.78,7088.25,6595.92,6793.62,6842.08,2.83%,17:40:02,05:33:03,47660646124.41,124335130640.41,18301737.0
2020-04-01,6437.32,6612.57,6202.37,6606.78,6407.47,2.63%,23:58:00,16:58:00,40346426265.73,120903014693.267,18299850.0
2020-03-31,6430.61,6504.52,6374.16,6438.64,6439.34,0.12%,01:58:00,12:28:00,32786468812.08,117814077266.537,18297962.0
2020-03-30,5925.54,6517.2,5903.23,6429.84,6210.22,8.51%,22:31:02,00:10:03,37101651525.3,117640143688.458,18295962.0
2020-03-29,6245.62,6250.47,5920.09,5922.04,6085.28,-5.18%,00:02:02,22:02:03,28373690930.54,108338520155.504,18294112.0
2020-03-28,6467.25,6467.5,6117.84,6242.19,6292.67,-3.48%,00:01:02,18:01:02,34885225901.01,114183689640.72,18292237.0
2020-03-27,6719.39,6793.84,6466.7,6469.8,6630.27,-3.71%,04:19:03,23:57:03,34585598366.55,118336082172.395,18290537.0
2020-03-26,6675.17,6735.46,6590.96,6716.44,6663.21,0.62%,04:07:01,08:30:01,35319797641.53,122834375215.51,18288612.0
2020-03-25,6738.72,6892.51,6536.93,6681.06,6714.72,-0.86%,10:08:00,11:52:00,44590107887.94,122174009142.91,18286612.0
2020-03-24,6436.64,6789.02,6411.07,6734.8,6600.04,4.63%,10:10:00,05:07:01,48221910672.25,123148917787.229,18285450.0
2020-03-23,5831.37,6443.93,5785.0,6416.31,6114.46,10.03%,23:18:00,09:28:00,46491915999.72,117314776187.32,18283825.0
2020-03-22,6185.56,6359.7,5823.71,5830.25,6091.7,-5.74%,06:20:03,23:51:00,40099664740.06,106591196068.926,18282425.0
2020-03-21,6206.52,6378.14,5932.82,6185.07,6155.48,-0.35%,21:20:03,11:22:00,42494390879.61,113068192795.056,18280837.0
2020-03-20,6191.65,6844.26,5865.78,6198.78,6355.02,0.12%,10:58:00,20:35:02,54442976102.51,113309245860.002,18279287.0
2020-03-19,5245.42,6329.74,5236.97,6191.19,5783.36,18.03%,22:56:02,02:37:01,51000731797.43,113162079955.697,18277912.0
2020-03-18,5227.11,5331.83,5069.34,5238.44,5200.58,0.22%,21:29:00,13:26:00,37878801016.34,95740715528.8542,18276575.0
2020-03-17,5002.58,5371.35,4981.91,5225.63,5176.63,4.46%,07:42:01,00:21:00,38622642935.25,95499941183.34,18275300.0
2020-03-16,5385.23,5385.23,4575.36,5014.48,4980.3,-6.88%,00:00:01,11:15:01,45368026429.62,91633478850.4746,18273775.0
2020-03-15,5201.07,5836.65,5169.28,5392.31,5502.96,3.68%,22:03:00,00:24:00,33997889638.76,98530059889.968,18272312.0
2020-03-14,5573.08,5625.23,5125.07,5200.37,5375.15,-6.69%,03:19:00,23:32:01,36154506007.58,95014981943.9861,18270825.0
2020-03-13,5017.83,5838.11,4106.98,5563.71,4972.54,10.88%,13:38:02,02:26:01,74156772074.96,101644613038.335,18269225.0
2020-03-12,7913.62,7929.12,4860.35,4970.79,6394.74,-37.19%,00:10:01,23:56:01,53980357243.05,90804613600.616,18267650.0
2020-03-11,7910.09,7950.81,7642.81,7911.43,7796.81,0.02%,01:07:01,18:24:00,38682762604.64,144508402670.563,18265775.0
2020-03-10,7922.15,8136.95,7814.76,7909.73,7975.86,-0.16%,13:05:01,16:06:00,42213940993.61,144465567734.489,18264287.0
2020-03-09,8111.15,8177.79,7690.1,7923.64,7933.94,-2.31%,00:13:00,15:47:02,46936995808.18,144706353758.487,18262600.0
2020-03-08,8908.21,8914.34,8105.25,8108.12,8509.8,-8.98%,00:04:00,23:54:01,39973102120.57,148060284561.061,18260750.0
2020-03-07,9121.6,9163.22,8890.74,8909.95,9026.98,-2.32%,16:40:00,20:09:00,36216930369.67,162684945902.611,18258787.0
2020-03-06,9078.31,9167.7,9032.08,9122.55,9099.89,0.49%,11:57:01,01:27:01,40826885650.94,166548261959.532,18256775.0
2020-03-05,8760.29,9142.05,8757.25,9078.76,8949.65,3.64%,20:01:00,00:01:00,39698054597.43,165731679917.865,18254875.0
2020-03-04,8788.54,8843.37,8712.43,8755.25,8777.9,-0.38%,06:07:00,16:18:01,34746706368.15,159807857328.088,18252812.0
2020-03-03,8865.39,8901.6,8704.99,8787.79,8803.3,-0.88%,12:17:00,19:19:00,42386715820.56,160383579416.238,18250737.0
2020-03-02,8563.26,8921.31,8532.63,8869.67,8726.97,3.58%,22:39:00,00:16:00,42857674408.88,161861167745.164,18248837.0
2020-03-01,8599.76,8726.8,8471.21,8562.45,8599.0,-0.43%,12:12:01,19:06:00,35349164300.14,156238987739.907,18246987.0
2020-02-29,8671.21,8775.63,8599.51,8599.51,8687.57,-0.83%,06:11:00,23:59:01,35792392544.01,156895988083.74,18244762.0
2020-02-28,8788.73,8890.46,8492.93,8672.46,8691.7,-1.32%,02:13:00,12:46:00,44605450442.74,158211707018.784,18243012.0
2020-02-27,8825.09,8932.89,8577.2,8784.49,8755.04,-0.46%,16:57:01,01:18:01,45470195695.09,160238496932.208,18241062.0
2020-02-26,9338.29,9354.78,8704.43,8820.52,9029.6,-5.54%,00:38:00,17:56:00,50420050761.92,160879489024.207,18239225.0
2020-02-25,9651.31,9652.74,9305.02,9341.71,9478.88,-3.21%,00:02:01,21:23:04,42515259129.21,170369581557.89,18237525.0
2020-02-24,9921.58,9951.75,9537.04,9650.17,9744.4,-2.74%,00:29:00,18:24:01,45080496648.35,175977808525.913,18235712.0
2020-02-23,9663.32,9937.4,9657.79,9924.52,9797.6,2.7%,23:13:02,00:06:01,41185185761.49,180963233539.785,18233962.0
2020-02-22,9687.71,9698.23,9600.73,9663.18,9649.48,-0.25%,00:36:00,06:24:01,35838025154.26,176180696547.801,18232162.0
2020-02-21,9611.78,9723.01,9589.74,9686.44,9656.38,0.78%,17:07:01,00:41:00,40930547512.66,176587087363.478,18230337.0
2020-02-20,9629.33,9643.22,9507.9,9608.48,9575.56,-0.22%,00:47:00,18:11:01,44925260236.83,175147142158.083,18228400.0
2020-02-19,10143.8,10191.68,9611.22,9633.39,9901.45,-5.03%,21:47:00,21:46:00,46992019709.92,175585931679.441,18226812.0
2020-02-18,9691.23,10161.94,9632.38,10142.0,9897.16,4.65%,20:34:01,20:35:00,47271023953.43,184838512656.137,18225062.0
2020-02-17,9936.56,9938.82,9507.64,9690.14,9723.23,-2.48%,00:09:00,14:29:00,45998298412.6,176585280987.035,18223187.0
2020-02-16,9889.18,10053.97,9722.39,9934.43,9888.18,0.46%,03:49:00,05:03:00,43374780305.44,181017665264.459,18221237.0
2020-02-15,10313.86,10341.56,9874.43,9889.42,10107.99,-4.12%,16:37:01,16:03:01,43865054831.0,180179996218.634,18219462.0
2020-02-14,10211.55,10322.0,10125.53,10312.12,10223.76,0.98%,21:06:00,08:04:01,43338264161.56,187862645448.777,18217662.0
2020-02-13,10323.96,10457.63,10116.16,10214.38,10286.9,-1.06%,07:15:00,12:08:01,49356071372.93,186065003525.648,18215987.0
2020-02-12,10202.39,10393.61,10202.39,10326.05,10298.0,1.21%,07:47:01,00:00:00,43444303830.23,188081204385.987,18214237.0
2020-02-11,9855.89,10210.05,9729.33,10208.24,9969.69,3.58%,15:40:00,15:41:01,37648059388.69,185917114988.663,18212462.0
2020-02-10,10115.56,10165.77,9784.56,9856.61,9975.17,-2.56%,06:44:00,05:59:01,39386548074.7,179494809265.716,18210600.0
2020-02-09,9863.89,10129.44,9850.39,10116.67,9989.92,2.56%,04:03:01,04:05:00,35807884663.42,184214765394.475,18209025.0
2020-02-08,9793.07,9876.75,9678.91,9865.12,9777.83,0.74%,21:51:00,04:11:00,35172043761.83,179615828322.347,18207162.0
2020-02-07,9726.0,9834.72,9726.0,9795.94,9780.36,0.72%,11:45:01,00:00:02,34522718159.47,178339437206.337,18205437.0
2020-02-06,9617.82,9824.62,9539.82,9729.8,9682.22,1.16%,13:39:01,01:03:01,37628823715.51,177118274393.946,18203687.0
2020-02-05,9183.42,9701.3,9163.7,9613.42,9432.5,4.68%,21:44:01,00:03:02,35222060874.46,174983423932.952,18201987.0
2020-02-04,9292.84,9331.27,9112.81,9180.96,9222.04,-1.2%,00:28:01,13:23:00,29893183716.09,167093636161.856,18200012.0
2020-02-03,9344.68,9540.37,9248.63,9293.52,9394.5,-0.55%,01:53:00,23:15:02,30934096508.74,169126861033.712,18198362.0
2020-02-02,9389.82,9468.8,9217.82,9344.37,9343.31,-0.48%,12:30:02,04:14:01,30835736946.11,170034976661.751,18196525.0
2020-02-01,9346.36,9439.32,9313.24,9392.88,9376.28,0.5%,02:43:00,13:02:00,25922656496.18,170900662180.114,18194712.0
2020-01-31,9508.31,9521.71,9230.78,9350.53,9376.24,-1.66%,00:40:00,13:22:00,29432489719.13,170112778161.315,18192850.0
2020-01-30,9316.02,9553.13,9230.9,9508.99,9392.02,2.07%,20:47:01,00:37:00,32378792850.88,172978577930.867,18191050.0
2020-01-29,9357.47,9406.43,9269.47,9316.63,9337.95,-0.44%,21:22:00,12:27:01,30682598115.46,169460984603.208,18189087.0
2020-01-28,8912.52,9358.59,8908.45,9358.59,9133.52,5.0%,04:19:00,00:19:01,34398744402.69,170205617954.856,18187100.0
2020-01-27,8597.31,8977.73,8597.31,8909.82,8787.52,3.63%,20:43:00,00:00:02,28647338393.17,162027957434.616,18185325.0
2020-01-26,8364.41,8602.4,8325.5,8596.83,8463.95,2.78%,22:02:00,00:48:00,22177678795.56,156322174637.231,18183700.0
2020-01-25,8440.12,8458.45,8296.22,8367.85,8377.33,-0.86%,00:01:00,02:00:01,19647331548.68,152143262649.888,18181887.0
2020-01-24,8405.57,8514.67,8266.84,8445.43,8390.76,0.47%,20:12:00,11:01:00,24397913025.68,153536829768.103,18179862.0
2020-01-23,8680.65,8687.75,8333.64,8406.52,8510.7,-3.16%,00:19:00,18:15:01,25770680778.69,152813329632.858,18177962.0
2020-01-22,8744.21,8792.99,8636.75,8680.88,8714.87,-0.72%,07:32:01,16:38:01,22600204050.58,157783273070.101,18175962.0
2020-01-21,8658.99,8755.71,8544.52,8745.89,8650.12,1.0%,21:11:01,19:57:01,24097418512.01,158947996833.847,18174012.0
2020-01-20,8704.63,8745.59,8560.47,8657.64,8653.03,-0.54%,22:50:00,13:17:00,26422375678.05,157327553259.434,18172100.0
2020-01-19,8941.45,9164.36,8620.08,8706.25,8892.22,-2.63%,03:36:00,13:36:00,34217320471.4,158194319734.796,18170212.0
2020-01-18,8927.21,9012.2,8827.33,8942.81,8919.76,0.17%,19:31:01,05:36:00,32337772626.8,162475965880.12,18168337.0
2020-01-17,8725.21,8958.12,8677.32,8929.04,8817.72,2.34%,10:21:00,01:20:01,36372139320.44,162211148777.656,18166700.0
2020-01-16,8812.48,8846.46,8612.1,8723.79,8729.28,-1.01%,00:14:00,03:35:01,31313981930.82,158465055984.185,18164712.0
2020-01-15,8825.34,8890.12,8657.19,8807.01,8773.66,-0.21%,14:08:01,05:19:01,40102834649.97,159959191211.678,18162712.0
2020-01-14,8140.93,8879.51,8140.93,8827.76,8510.22,8.44%,23:42:00,00:00:00,44841784107.18,160319484882.901,18160825.0
2020-01-13,8189.77,8197.79,8079.7,8144.19,8138.75,-0.56%,00:08:01,14:36:00,22482910687.9,147890525972.527,18159012.0
2020-01-12,8033.26,8200.06,8009.06,8192.49,8104.56,1.98%,19:44:00,00:08:01,22903438381.39,148752956965.746,18157225.0
2020-01-11,8162.19,8218.36,8029.64,8037.54,8124.0,-1.53%,01:36:00,23:55:00,25521165085.37,145924199942.312,18155337.0
2020-01-10,7878.31,8166.55,7726.77,8166.55,7946.66,3.66%,23:59:00,10:23:00,28714583843.78,148249907276.742,18153300.0
2020-01-09,8082.3,8082.3,7842.4,7879.07,7962.35,-2.51%,00:00:00,21:12:00,24045990465.65,143016572819.392,18151450.0
2020-01-08,8161.94,8396.74,7956.77,8079.86,8176.76,-1.01%,13:55:01,20:30:00,31672559264.52,146645162431.476,18149462.0
2020-01-07,7768.68,8178.22,7768.23,8163.69,7973.22,5.08%,23:51:01,00:01:01,28767291326.97,148152237653.685,18147700.0
2020-01-06,7410.45,7781.87,7409.29,7769.22,7595.58,4.84%,23:55:01,00:05:01,23276261598.25,140976457303.71,18145512.0
2020-01-05,7410.45,7544.5,7400.54,7411.32,7472.52,0.01%,18:57:00,23:18:00,19725074094.54,134469548249.076,18143812.0
2020-01-04,7345.38,7427.39,7309.51,7410.66,7368.45,0.89%,18:44:02,00:39:02,18444271274.76,134442464030.264,18141775.0
2020-01-03,6984.43,7413.72,6915.0,7344.88,7164.36,5.16%,17:04:00,02:10:01,28111481031.94,133233444755.489,18139625.0
2020-01-02,7202.55,7212.16,6935.27,6985.47,7073.72,-3.01%,01:30:00,23:02:01,20802083465.33,126699395235.204,18137562.0
2020-01-01,7194.89,7254.33,7174.94,7200.17,7214.64,0.07%,15:42:01,01:06:01,18565664996.79,130580829149.587,18135787.0
